variant,trace,step,time_s,input_rad_s,dt_s,reset,intent_rad_s,float32_rad_s,c_rad_s,abs_error_rad_s,bound_rad_s,branch_issue
zero_reset,constant_unsaturated,0,0.03125,0.5,0.03125,False,0.1,0.10000000149011612,0.10000000149011612,1.4901161193847657e-09,1.9073486328125e-06,False
zero_reset,constant_unsaturated,1,0.0625,0.5,0.03125,False,0.18,0.18000000715255737,0.18000000715255737,7.152557373046875e-09,3.814697265625e-06,False
zero_reset,constant_unsaturated,2,0.09375,0.5,0.03125,False,0.244,0.24400001764297485,0.24400001764297485,1.7642974853515624e-08,5.7220458984375e-06,False
zero_reset,constant_unsaturated,3,0.125,0.5,0.03125,False,0.2952,0.29520002007484436,0.29520002007484436,2.0074844360351562e-08,7.62939453125e-06,False
zero_reset,constant_unsaturated,4,0.15625,0.5,0.03125,False,0.33616,0.33616000413894653,0.33616000413894653,4.138946533203125e-09,9.5367431640625e-06,False
zero_reset,constant_unsaturated,5,0.1875,0.5,0.03125,False,0.368928,0.3689280152320862,0.3689280152320862,1.5232086181640625e-08,1.1444091796875e-05,False
zero_reset,constant_unsaturated,6,0.21875,0.5,0.03125,False,0.3951424,0.39514240622520447,0.39514240622520447,6.225204467773437e-09,1.33514404296875e-05,False
zero_reset,constant_unsaturated,7,0.25,0.5,0.03125,False,0.41611392,0.4161139130592346,0.4161139130592346,6.940765380859375e-09,1.52587890625e-05,False
zero_reset,constant_unsaturated,8,0.28125,0.5,0.03125,False,0.432891136,0.4328911304473877,0.4328911304473877,5.5526123046875e-09,1.71661376953125e-05,False
zero_reset,constant_unsaturated,9,0.3125,0.5,0.03125,False,0.4463129088,0.44631290435791016,0.44631290435791016,4.44208984375e-09,1.9073486328125e-05,False
zero_reset,constant_unsaturated,10,0.34375,0.5,0.03125,False,0.45705032704,0.4570503234863281,0.4570503234863281,3.553671875e-09,2.09808349609375e-05,False
zero_reset,constant_unsaturated,11,0.375,0.5,0.03125,False,0.465640261632,0.46564024686813354,0.46564024686813354,1.4763866455078125e-08,2.288818359375e-05,False
zero_reset,constant_unsaturated,12,0.40625,0.5,0.03125,False,0.4725122093056,0.4725121855735779,0.4725121855735779,2.3732022119140624e-08,2.47955322265625e-05,False
zero_reset,constant_unsaturated,13,0.4375,0.5,0.03125,False,0.47800976744448,0.47800976037979126,0.47800976037979126,7.064688740234375e-09,2.6702880859375e-05,False
zero_reset,constant_unsaturated,14,0.46875,0.5,0.03125,False,0.482407813955584,0.482407808303833,0.482407808303833,5.6517509921875e-09,2.86102294921875e-05,False
zero_reset,constant_unsaturated,15,0.5,0.5,0.03125,False,0.4859262511644672,0.48592624068260193,0.48592624068260193,1.0481865271289063e-08,3.0517578125e-05,False
zero_reset,constant_unsaturated,16,0.53125,0.5,0.03125,False,0.48874100093157374,0.4887409806251526,0.4887409806251526,2.0306421172109374e-08,3.24249267578125e-05,False
zero_reset,constant_unsaturated,17,0.5625,0.5,0.03125,False,0.49099280074525903,0.49099278450012207,0.49099278450012207,1.62451369376875e-08,3.4332275390625e-05,False
zero_reset,constant_unsaturated,18,0.59375,0.5,0.03125,False,0.4927942405962072,0.4927942156791687,0.4927942156791687,2.4917038505228124e-08,3.62396240234375e-05,False
zero_reset,constant_unsaturated,19,0.625,0.5,0.03125,False,0.49423539247696574,0.4942353665828705,0.4942353665828705,2.5894095281721564e-08,3.814697265625e-05,False
zero_reset,constant_unsaturated,20,0.65625,0.5,0.03125,False,0.4953883139815726,0.49538829922676086,0.49538829922676086,1.4754811747838187e-08,4.00543212890625e-05,False
zero_reset,constant_unsaturated,21,0.6875,0.5,0.03125,False,0.4963106511852581,0.49631065130233765,0.49631065130233765,1.17079556807575e-10,4.1961669921875e-05,False
zero_reset,constant_unsaturated,22,0.71875,0.5,0.03125,False,0.49704852094820645,0.4970485270023346,0.4970485270023346,6.054128122985123e-09,4.38690185546875e-05,False
zero_reset,constant_unsaturated,23,0.75,0.5,0.03125,False,0.4976388167585652,0.4976388216018677,0.4976388216018677,4.843302498388098e-09,4.57763671875e-05,False
zero_reset,constant_unsaturated,24,0.78125,0.5,0.03125,False,0.49811105340685213,0.4981110692024231,0.4981110692024231,1.5795570953788602e-08,4.76837158203125e-05,False
zero_reset,constant_unsaturated,25,0.8125,0.5,0.03125,False,0.4984888427254817,0.4984888434410095,0.4984888434410095,7.155278079527577e-10,4.9591064453125e-05,False
zero_reset,constant_unsaturated,26,0.84375,0.5,0.03125,False,0.4987910741803854,0.49879106879234314,0.49879106879234314,5.388042231176856e-09,5.14984130859375e-05,False
zero_reset,constant_unsaturated,27,0.875,0.5,0.03125,False,0.4990328593443083,0.4990328550338745,0.4990328550338745,4.310433784941485e-09,5.340576171875e-05,False
zero_reset,constant_unsaturated,28,0.90625,0.5,0.03125,False,0.4992262874754466,0.49922627210617065,0.49922627210617065,1.5369275983031312e-08,5.53131103515625e-05,False
zero_reset,constant_unsaturated,29,0.9375,0.5,0.03125,False,0.4993810299803573,0.49938100576400757,0.49938100576400757,2.4216349741503176e-08,5.7220458984375e-05,False
zero_reset,constant_unsaturated,30,0.96875,0.5,0.03125,False,0.49950482398428586,0.49950480461120605,0.49950480461120605,1.937307979320254e-08,5.91278076171875e-05,False
zero_reset,constant_unsaturated,31,1.0,0.5,0.03125,False,0.49960385918742867,0.49960383772850037,0.49960383772850037,2.1458928312101096e-08,6.103515625e-05,False
zero_reset,constant_unsaturated,32,1.03125,0.5,0.03125,False,0.49968308734994293,0.49968308210372925,0.49968308210372925,5.2462136946027505e-09,6.29425048828125e-05,False
zero_reset,constant_unsaturated,33,1.0625,0.5,0.03125,False,0.49974646987995436,0.4997464716434479,0.4997464716434479,1.763493521856862e-09,6.4849853515625e-05,False
zero_reset,constant_unsaturated,34,1.09375,0.5,0.03125,False,0.4997971759039635,0.49979716539382935,0.49979716539382935,1.0510134137592635e-08,6.67572021484375e-05,False
zero_reset,constant_unsaturated,35,1.125,0.5,0.03125,False,0.4998377407231708,0.499837726354599,0.499837726354599,1.436857178761317e-08,6.866455078125e-05,False
zero_reset,constant_unsaturated,36,1.15625,0.5,0.03125,False,0.49987019257853665,0.4998701810836792,0.4998701810836792,1.1494857430090537e-08,7.05718994140625e-05,False
zero_reset,constant_unsaturated,37,1.1875,0.5,0.03125,False,0.4998961540628293,0.4998961389064789,0.4998961389064789,1.5156350421611492e-08,7.2479248046875e-05,False
zero_reset,constant_unsaturated,38,1.21875,0.5,0.03125,False,0.49991692325026343,0.4999169111251831,0.4999169111251831,1.2125080337289193e-08,7.43865966796875e-05,False
zero_reset,constant_unsaturated,39,1.25,0.5,0.03125,False,0.4999335386002108,0.49993354082107544,0.49993354082107544,2.22086468524677e-09,7.62939453125e-05,False
zero_reset,constant_unsaturated,40,1.28125,0.5,0.03125,False,0.4999468308801686,0.49994683265686035,0.49994683265686035,1.7766917481974162e-09,7.82012939453125e-05,False
zero_reset,constant_unsaturated,41,1.3125,0.5,0.03125,False,0.4999574647041349,0.49995747208595276,0.49995747208595276,7.381817876096995e-09,8.0108642578125e-05,False
zero_reset,constant_unsaturated,42,1.34375,0.5,0.03125,False,0.4999659717633079,0.49996596574783325,0.49996596574783325,6.0154746542005286e-09,8.20159912109375e-05,False
zero_reset,constant_unsaturated,43,1.375,0.5,0.03125,False,0.49997277741064633,0.49997276067733765,0.49997276067733765,1.6733308678438547e-08,8.392333984375e-05,False
zero_reset,constant_unsaturated,44,1.40625,0.5,0.03125,False,0.49997822192851704,0.4999782145023346,0.4999782145023346,7.426182465211776e-09,8.58306884765625e-05,False
zero_reset,constant_unsaturated,45,1.4375,0.5,0.03125,False,0.49998257754281367,0.4999825656414032,0.4999825656414032,1.1901410449708483e-08,8.7738037109375e-05,False
zero_reset,constant_unsaturated,46,1.46875,0.5,0.03125,False,0.49998606203425094,0.49998605251312256,0.49998605251312256,9.521128359766786e-09,8.96453857421875e-05,False
zero_reset,constant_unsaturated,47,1.5,0.5,0.03125,False,0.49998884962740076,0.499988853931427,0.499988853931427,4.3040262672646955e-09,9.1552734375e-05,False
zero_reset,constant_unsaturated,48,1.53125,0.5,0.03125,False,0.4999910797019206,0.4999910891056061,0.4999910891056061,9.40368549135082e-09,9.34600830078125e-05,False
zero_reset,constant_unsaturated,49,1.5625,0.5,0.03125,False,0.49999286376153645,0.49999287724494934,0.49999287724494934,1.3483412870619718e-08,9.5367431640625e-05,False
zero_reset,constant_unsaturated,50,1.59375,0.5,0.03125,False,0.49999429100922915,0.49999430775642395,0.49999430775642395,1.6747194774034837e-08,9.72747802734375e-05,False
zero_reset,constant_unsaturated,51,1.625,0.5,0.03125,False,0.49999543280738334,0.4999954402446747,0.4999954402446747,7.437291341688807e-09,9.918212890625e-05,False
zero_reset,constant_unsaturated,52,1.65625,0.5,0.03125,False,0.49999634624590666,0.4999963641166687,0.4999963641166687,1.787076202842917e-08,0.0001010894775390625,False
zero_reset,constant_unsaturated,53,1.6875,0.5,0.03125,False,0.49999707699672535,0.499997079372406,0.499997079372406,2.3756806676652113e-09,0.000102996826171875,False
zero_reset,constant_unsaturated,54,1.71875,0.5,0.03125,False,0.4999976615973803,0.49999767541885376,0.49999767541885376,1.3821473489210295e-08,0.0001049041748046875,False
zero_reset,constant_unsaturated,55,1.75,0.5,0.03125,False,0.4999981292779042,0.49999815225601196,0.49999815225601196,2.297810774644636e-08,0.0001068115234375,False
zero_reset,constant_unsaturated,56,1.78125,0.5,0.03125,False,0.4999985034223234,0.4999985098838806,0.4999985098838806,6.461557242078963e-09,0.0001087188720703125,False
zero_reset,constant_unsaturated,57,1.8125,0.5,0.03125,False,0.4999988027378587,0.4999988079071045,0.4999988079071045,5.169245793663171e-09,0.000110626220703125,False
zero_reset,constant_unsaturated,58,1.84375,0.5,0.03125,False,0.49999904219028696,0.4999990463256836,0.4999990463256836,4.135396634930536e-09,0.0001125335693359375,False
zero_reset,constant_unsaturated,59,1.875,0.5,0.03125,False,0.49999923375222954,0.4999992251396179,0.4999992251396179,8.612611647133695e-09,0.00011444091796875,False
zero_reset,constant_unsaturated,60,1.90625,0.5,0.03125,False,0.49999938700178365,0.49999937415122986,0.49999937415122986,1.285055379524602e-08,0.0001163482666015625,False
zero_reset,constant_unsaturated,61,1.9375,0.5,0.03125,False,0.4999995096014269,0.4999994933605194,0.4999994933605194,1.6240907513735878e-08,0.000118255615234375,False
zero_reset,constant_unsaturated,62,1.96875,0.5,0.03125,False,0.49999960768114154,0.4999995827674866,0.4999995827674866,2.4913654966066828e-08,0.0001201629638671875,False
zero_reset,constant_unsaturated,63,2.0,0.5,0.03125,False,0.49999968614491325,0.49999967217445374,0.49999967217445374,1.3970459495314399e-08,0.0001220703125,False
zero_reset,positive_saturation,0,0.03125,8.0,0.03125,False,0.125,0.125,0.125,0.0,1.9073486328125e-06,False
zero_reset,positive_saturation,1,0.0625,8.0,0.03125,False,0.25,0.25,0.25,0.0,3.814697265625e-06,False
zero_reset,positive_saturation,2,0.09375,8.0,0.03125,False,0.375,0.375,0.375,0.0,5.7220458984375e-06,False
zero_reset,positive_saturation,3,0.125,8.0,0.03125,False,0.5,0.5,0.5,0.0,7.62939453125e-06,False
zero_reset,positive_saturation,4,0.15625,8.0,0.03125,False,0.625,0.625,0.625,0.0,9.5367431640625e-06,False
zero_reset,positive_saturation,5,0.1875,8.0,0.03125,False,0.75,0.75,0.75,0.0,1.1444091796875e-05,False
zero_reset,positive_saturation,6,0.21875,8.0,0.03125,False,0.875,0.875,0.875,0.0,1.33514404296875e-05,False
zero_reset,positive_saturation,7,0.25,8.0,0.03125,False,1.0,1.0,1.0,0.0,1.52587890625e-05,False
zero_reset,positive_saturation,8,0.28125,8.0,0.03125,False,1.125,1.125,1.125,0.0,1.71661376953125e-05,False
zero_reset,positive_saturation,9,0.3125,8.0,0.03125,False,1.25,1.25,1.25,0.0,1.9073486328125e-05,False
zero_reset,positive_saturation,10,0.34375,8.0,0.03125,False,1.375,1.375,1.375,0.0,2.09808349609375e-05,False
zero_reset,positive_saturation,11,0.375,8.0,0.03125,False,1.5,1.5,1.5,0.0,2.288818359375e-05,False
zero_reset,positive_saturation,12,0.40625,8.0,0.03125,False,1.625,1.625,1.625,0.0,2.47955322265625e-05,False
zero_reset,positive_saturation,13,0.4375,8.0,0.03125,False,1.75,1.75,1.75,0.0,2.6702880859375e-05,False
zero_reset,positive_saturation,14,0.46875,8.0,0.03125,False,1.875,1.875,1.875,0.0,2.86102294921875e-05,False
zero_reset,positive_saturation,15,0.5,8.0,0.03125,False,2.0,2.0,2.0,0.0,3.0517578125e-05,True
zero_reset,positive_saturation,16,0.53125,8.0,0.03125,False,2.0,2.0,2.0,0.0,3.24249267578125e-05,False
zero_reset,positive_saturation,17,0.5625,8.0,0.03125,False,2.0,2.0,2.0,0.0,3.4332275390625e-05,False
zero_reset,positive_saturation,18,0.59375,8.0,0.03125,False,2.0,2.0,2.0,0.0,3.62396240234375e-05,False
zero_reset,positive_saturation,19,0.625,8.0,0.03125,False,2.0,2.0,2.0,0.0,3.814697265625e-05,False
zero_reset,positive_saturation,20,0.65625,8.0,0.03125,False,2.0,2.0,2.0,0.0,4.00543212890625e-05,False
zero_reset,positive_saturation,21,0.6875,8.0,0.03125,False,2.0,2.0,2.0,0.0,4.1961669921875e-05,False
zero_reset,positive_saturation,22,0.71875,8.0,0.03125,False,2.0,2.0,2.0,0.0,4.38690185546875e-05,False
zero_reset,positive_saturation,23,0.75,8.0,0.03125,False,2.0,2.0,2.0,0.0,4.57763671875e-05,False
zero_reset,positive_saturation,24,0.78125,8.0,0.03125,False,2.0,2.0,2.0,0.0,4.76837158203125e-05,False
zero_reset,positive_saturation,25,0.8125,8.0,0.03125,False,2.0,2.0,2.0,0.0,4.9591064453125e-05,False
zero_reset,positive_saturation,26,0.84375,8.0,0.03125,False,2.0,2.0,2.0,0.0,5.14984130859375e-05,False
zero_reset,positive_saturation,27,0.875,8.0,0.03125,False,2.0,2.0,2.0,0.0,5.340576171875e-05,False
zero_reset,positive_saturation,28,0.90625,8.0,0.03125,False,2.0,2.0,2.0,0.0,5.53131103515625e-05,False
zero_reset,positive_saturation,29,0.9375,8.0,0.03125,False,2.0,2.0,2.0,0.0,5.7220458984375e-05,False
zero_reset,positive_saturation,30,0.96875,8.0,0.03125,False,2.0,2.0,2.0,0.0,5.91278076171875e-05,False
zero_reset,positive_saturation,31,1.0,8.0,0.03125,False,2.0,2.0,2.0,0.0,6.103515625e-05,False
zero_reset,positive_saturation,32,1.03125,8.0,0.03125,False,2.0,2.0,2.0,0.0,6.29425048828125e-05,False
zero_reset,positive_saturation,33,1.0625,8.0,0.03125,False,2.0,2.0,2.0,0.0,6.4849853515625e-05,False
zero_reset,positive_saturation,34,1.09375,8.0,0.03125,False,2.0,2.0,2.0,0.0,6.67572021484375e-05,False
zero_reset,positive_saturation,35,1.125,8.0,0.03125,False,2.0,2.0,2.0,0.0,6.866455078125e-05,False
zero_reset,positive_saturation,36,1.15625,8.0,0.03125,False,2.0,2.0,2.0,0.0,7.05718994140625e-05,False
zero_reset,positive_saturation,37,1.1875,8.0,0.03125,False,2.0,2.0,2.0,0.0,7.2479248046875e-05,False
zero_reset,positive_saturation,38,1.21875,8.0,0.03125,False,2.0,2.0,2.0,0.0,7.43865966796875e-05,False
zero_reset,positive_saturation,39,1.25,8.0,0.03125,False,2.0,2.0,2.0,0.0,7.62939453125e-05,False
zero_reset,positive_saturation,40,1.28125,8.0,0.03125,False,2.0,2.0,2.0,0.0,7.82012939453125e-05,False
zero_reset,positive_saturation,41,1.3125,8.0,0.03125,False,2.0,2.0,2.0,0.0,8.0108642578125e-05,False
zero_reset,positive_saturation,42,1.34375,8.0,0.03125,False,2.0,2.0,2.0,0.0,8.20159912109375e-05,False
zero_reset,positive_saturation,43,1.375,8.0,0.03125,False,2.0,2.0,2.0,0.0,8.392333984375e-05,False
zero_reset,positive_saturation,44,1.40625,8.0,0.03125,False,2.0,2.0,2.0,0.0,8.58306884765625e-05,False
zero_reset,positive_saturation,45,1.4375,8.0,0.03125,False,2.0,2.0,2.0,0.0,8.7738037109375e-05,False
zero_reset,positive_saturation,46,1.46875,8.0,0.03125,False,2.0,2.0,2.0,0.0,8.96453857421875e-05,False
zero_reset,positive_saturation,47,1.5,8.0,0.03125,False,2.0,2.0,2.0,0.0,9.1552734375e-05,False
zero_reset,positive_saturation,48,1.53125,8.0,0.03125,False,2.0,2.0,2.0,0.0,9.34600830078125e-05,False
zero_reset,positive_saturation,49,1.5625,8.0,0.03125,False,2.0,2.0,2.0,0.0,9.5367431640625e-05,False
zero_reset,positive_saturation,50,1.59375,8.0,0.03125,False,2.0,2.0,2.0,0.0,9.72747802734375e-05,False
zero_reset,positive_saturation,51,1.625,8.0,0.03125,False,2.0,2.0,2.0,0.0,9.918212890625e-05,False
zero_reset,positive_saturation,52,1.65625,8.0,0.03125,False,2.0,2.0,2.0,0.0,0.0001010894775390625,False
zero_reset,positive_saturation,53,1.6875,8.0,0.03125,False,2.0,2.0,2.0,0.0,0.000102996826171875,False
zero_reset,positive_saturation,54,1.71875,8.0,0.03125,False,2.0,2.0,2.0,0.0,0.0001049041748046875,False
zero_reset,positive_saturation,55,1.75,8.0,0.03125,False,2.0,2.0,2.0,0.0,0.0001068115234375,False
zero_reset,positive_saturation,56,1.78125,8.0,0.03125,False,2.0,2.0,2.0,0.0,0.0001087188720703125,False
zero_reset,positive_saturation,57,1.8125,8.0,0.03125,False,2.0,2.0,2.0,0.0,0.000110626220703125,False
zero_reset,positive_saturation,58,1.84375,8.0,0.03125,False,2.0,2.0,2.0,0.0,0.0001125335693359375,False
zero_reset,positive_saturation,59,1.875,8.0,0.03125,False,2.0,2.0,2.0,0.0,0.00011444091796875,False
zero_reset,positive_saturation,60,1.90625,8.0,0.03125,False,2.0,2.0,2.0,0.0,0.0001163482666015625,False
zero_reset,positive_saturation,61,1.9375,8.0,0.03125,False,2.0,2.0,2.0,0.0,0.000118255615234375,False
zero_reset,positive_saturation,62,1.96875,8.0,0.03125,False,2.0,2.0,2.0,0.0,0.0001201629638671875,False
zero_reset,positive_saturation,63,2.0,8.0,0.03125,False,2.0,2.0,2.0,0.0,0.0001220703125,False
zero_reset,positive_saturation,64,2.03125,8.0,0.03125,False,2.0,2.0,2.0,0.0,0.0001239776611328125,False
zero_reset,positive_saturation,65,2.0625,8.0,0.03125,False,2.0,2.0,2.0,0.0,0.000125885009765625,False
zero_reset,positive_saturation,66,2.09375,8.0,0.03125,False,2.0,2.0,2.0,0.0,0.0001277923583984375,False
zero_reset,positive_saturation,67,2.125,8.0,0.03125,False,2.0,2.0,2.0,0.0,0.00012969970703125,False
zero_reset,positive_saturation,68,2.15625,8.0,0.03125,False,2.0,2.0,2.0,0.0,0.0001316070556640625,False
zero_reset,positive_saturation,69,2.1875,8.0,0.03125,False,2.0,2.0,2.0,0.0,0.000133514404296875,False
zero_reset,positive_saturation,70,2.21875,8.0,0.03125,False,2.0,2.0,2.0,0.0,0.0001354217529296875,False
zero_reset,positive_saturation,71,2.25,8.0,0.03125,False,2.0,2.0,2.0,0.0,0.0001373291015625,False
zero_reset,positive_saturation,72,2.28125,8.0,0.03125,False,2.0,2.0,2.0,0.0,0.0001392364501953125,False
zero_reset,positive_saturation,73,2.3125,8.0,0.03125,False,2.0,2.0,2.0,0.0,0.000141143798828125,False
zero_reset,positive_saturation,74,2.34375,8.0,0.03125,False,2.0,2.0,2.0,0.0,0.0001430511474609375,False
zero_reset,positive_saturation,75,2.375,8.0,0.03125,False,2.0,2.0,2.0,0.0,0.00014495849609375,False
zero_reset,positive_saturation,76,2.40625,8.0,0.03125,False,2.0,2.0,2.0,0.0,0.0001468658447265625,False
zero_reset,positive_saturation,77,2.4375,8.0,0.03125,False,2.0,2.0,2.0,0.0,0.000148773193359375,False
zero_reset,positive_saturation,78,2.46875,8.0,0.03125,False,2.0,2.0,2.0,0.0,0.0001506805419921875,False
zero_reset,positive_saturation,79,2.5,8.0,0.03125,False,2.0,2.0,2.0,0.0,0.000152587890625,False
zero_reset,positive_saturation,80,2.53125,8.0,0.03125,False,2.0,2.0,2.0,0.0,0.0001544952392578125,False
zero_reset,positive_saturation,81,2.5625,8.0,0.03125,False,2.0,2.0,2.0,0.0,0.000156402587890625,False
zero_reset,positive_saturation,82,2.59375,8.0,0.03125,False,2.0,2.0,2.0,0.0,0.0001583099365234375,False
zero_reset,positive_saturation,83,2.625,8.0,0.03125,False,2.0,2.0,2.0,0.0,0.00016021728515625,False
zero_reset,positive_saturation,84,2.65625,8.0,0.03125,False,2.0,2.0,2.0,0.0,0.0001621246337890625,False
zero_reset,positive_saturation,85,2.6875,8.0,0.03125,False,2.0,2.0,2.0,0.0,0.000164031982421875,False
zero_reset,positive_saturation,86,2.71875,8.0,0.03125,False,2.0,2.0,2.0,0.0,0.0001659393310546875,False
zero_reset,positive_saturation,87,2.75,8.0,0.03125,False,2.0,2.0,2.0,0.0,0.0001678466796875,False
zero_reset,positive_saturation,88,2.78125,8.0,0.03125,False,2.0,2.0,2.0,0.0,0.0001697540283203125,False
zero_reset,positive_saturation,89,2.8125,8.0,0.03125,False,2.0,2.0,2.0,0.0,0.000171661376953125,False
zero_reset,positive_saturation,90,2.84375,8.0,0.03125,False,2.0,2.0,2.0,0.0,0.0001735687255859375,False
zero_reset,positive_saturation,91,2.875,8.0,0.03125,False,2.0,2.0,2.0,0.0,0.00017547607421875,False
zero_reset,positive_saturation,92,2.90625,8.0,0.03125,False,2.0,2.0,2.0,0.0,0.0001773834228515625,False
zero_reset,positive_saturation,93,2.9375,8.0,0.03125,False,2.0,2.0,2.0,0.0,0.000179290771484375,False
zero_reset,positive_saturation,94,2.96875,8.0,0.03125,False,2.0,2.0,2.0,0.0,0.0001811981201171875,False
zero_reset,positive_saturation,95,3.0,8.0,0.03125,False,2.0,2.0,2.0,0.0,0.00018310546875,False
zero_reset,positive_saturation,96,3.03125,8.0,0.03125,False,2.0,2.0,2.0,0.0,0.0001850128173828125,False
zero_reset,positive_saturation,97,3.0625,8.0,0.03125,False,2.0,2.0,2.0,0.0,0.000186920166015625,False
zero_reset,positive_saturation,98,3.09375,8.0,0.03125,False,2.0,2.0,2.0,0.0,0.0001888275146484375,False
zero_reset,positive_saturation,99,3.125,8.0,0.03125,False,2.0,2.0,2.0,0.0,0.00019073486328125,False
zero_reset,positive_saturation,100,3.15625,8.0,0.03125,False,2.0,2.0,2.0,0.0,0.0001926422119140625,False
zero_reset,positive_saturation,101,3.1875,8.0,0.03125,False,2.0,2.0,2.0,0.0,0.000194549560546875,False
zero_reset,positive_saturation,102,3.21875,8.0,0.03125,False,2.0,2.0,2.0,0.0,0.0001964569091796875,False
zero_reset,positive_saturation,103,3.25,8.0,0.03125,False,2.0,2.0,2.0,0.0,0.0001983642578125,False
zero_reset,positive_saturation,104,3.28125,8.0,0.03125,False,2.0,2.0,2.0,0.0,0.0002002716064453125,False
zero_reset,positive_saturation,105,3.3125,8.0,0.03125,False,2.0,2.0,2.0,0.0,0.000202178955078125,False
zero_reset,positive_saturation,106,3.34375,8.0,0.03125,False,2.0,2.0,2.0,0.0,0.0002040863037109375,False
zero_reset,positive_saturation,107,3.375,8.0,0.03125,False,2.0,2.0,2.0,0.0,0.00020599365234375,False
zero_reset,positive_saturation,108,3.40625,8.0,0.03125,False,2.0,2.0,2.0,0.0,0.0002079010009765625,False
zero_reset,positive_saturation,109,3.4375,8.0,0.03125,False,2.0,2.0,2.0,0.0,0.000209808349609375,False
zero_reset,positive_saturation,110,3.46875,8.0,0.03125,False,2.0,2.0,2.0,0.0,0.0002117156982421875,False
zero_reset,positive_saturation,111,3.5,8.0,0.03125,False,2.0,2.0,2.0,0.0,0.000213623046875,False
zero_reset,positive_saturation,112,3.53125,8.0,0.03125,False,2.0,2.0,2.0,0.0,0.0002155303955078125,False
zero_reset,positive_saturation,113,3.5625,8.0,0.03125,False,2.0,2.0,2.0,0.0,0.000217437744140625,False
zero_reset,positive_saturation,114,3.59375,8.0,0.03125,False,2.0,2.0,2.0,0.0,0.0002193450927734375,False
zero_reset,positive_saturation,115,3.625,8.0,0.03125,False,2.0,2.0,2.0,0.0,0.00022125244140625,False
zero_reset,positive_saturation,116,3.65625,8.0,0.03125,False,2.0,2.0,2.0,0.0,0.0002231597900390625,False
zero_reset,positive_saturation,117,3.6875,8.0,0.03125,False,2.0,2.0,2.0,0.0,0.000225067138671875,False
zero_reset,positive_saturation,118,3.71875,8.0,0.03125,False,2.0,2.0,2.0,0.0,0.0002269744873046875,False
zero_reset,positive_saturation,119,3.75,8.0,0.03125,False,2.0,2.0,2.0,0.0,0.0002288818359375,False
zero_reset,positive_saturation,120,3.78125,8.0,0.03125,False,2.0,2.0,2.0,0.0,0.0002307891845703125,False
zero_reset,positive_saturation,121,3.8125,8.0,0.03125,False,2.0,2.0,2.0,0.0,0.000232696533203125,False
zero_reset,positive_saturation,122,3.84375,8.0,0.03125,False,2.0,2.0,2.0,0.0,0.0002346038818359375,False
zero_reset,positive_saturation,123,3.875,8.0,0.03125,False,2.0,2.0,2.0,0.0,0.00023651123046875,False
zero_reset,positive_saturation,124,3.90625,8.0,0.03125,False,2.0,2.0,2.0,0.0,0.0002384185791015625,False
zero_reset,positive_saturation,125,3.9375,8.0,0.03125,False,2.0,2.0,2.0,0.0,0.000240325927734375,False
zero_reset,positive_saturation,126,3.96875,8.0,0.03125,False,2.0,2.0,2.0,0.0,0.0002422332763671875,False
zero_reset,positive_saturation,127,4.0,8.0,0.03125,False,2.0,2.0,2.0,0.0,0.000244140625,False
zero_reset,negative_saturation,0,0.03125,-8.0,0.03125,False,-0.0625,-0.0625,-0.0625,0.0,1.9073486328125e-06,False
zero_reset,negative_saturation,1,0.0625,-8.0,0.03125,False,-0.125,-0.125,-0.125,0.0,3.814697265625e-06,False
zero_reset,negative_saturation,2,0.09375,-8.0,0.03125,False,-0.1875,-0.1875,-0.1875,0.0,5.7220458984375e-06,False
zero_reset,negative_saturation,3,0.125,-8.0,0.03125,False,-0.25,-0.25,-0.25,0.0,7.62939453125e-06,False
zero_reset,negative_saturation,4,0.15625,-8.0,0.03125,False,-0.3125,-0.3125,-0.3125,0.0,9.5367431640625e-06,False
zero_reset,negative_saturation,5,0.1875,-8.0,0.03125,False,-0.375,-0.375,-0.375,0.0,1.1444091796875e-05,False
zero_reset,negative_saturation,6,0.21875,-8.0,0.03125,False,-0.4375,-0.4375,-0.4375,0.0,1.33514404296875e-05,False
zero_reset,negative_saturation,7,0.25,-8.0,0.03125,False,-0.5,-0.5,-0.5,0.0,1.52587890625e-05,False
zero_reset,negative_saturation,8,0.28125,-8.0,0.03125,False,-0.5625,-0.5625,-0.5625,0.0,1.71661376953125e-05,False
zero_reset,negative_saturation,9,0.3125,-8.0,0.03125,False,-0.625,-0.625,-0.625,0.0,1.9073486328125e-05,False
zero_reset,negative_saturation,10,0.34375,-8.0,0.03125,False,-0.6875,-0.6875,-0.6875,0.0,2.09808349609375e-05,False
zero_reset,negative_saturation,11,0.375,-8.0,0.03125,False,-0.75,-0.75,-0.75,0.0,2.288818359375e-05,False
zero_reset,negative_saturation,12,0.40625,-8.0,0.03125,False,-0.8125,-0.8125,-0.8125,0.0,2.47955322265625e-05,False
zero_reset,negative_saturation,13,0.4375,-8.0,0.03125,False,-0.875,-0.875,-0.875,0.0,2.6702880859375e-05,False
zero_reset,negative_saturation,14,0.46875,-8.0,0.03125,False,-0.9375,-0.9375,-0.9375,0.0,2.86102294921875e-05,False
zero_reset,negative_saturation,15,0.5,-8.0,0.03125,False,-1.0,-1.0,-1.0,0.0,3.0517578125e-05,False
zero_reset,negative_saturation,16,0.53125,-8.0,0.03125,False,-1.0625,-1.0625,-1.0625,0.0,3.24249267578125e-05,False
zero_reset,negative_saturation,17,0.5625,-8.0,0.03125,False,-1.125,-1.125,-1.125,0.0,3.4332275390625e-05,False
zero_reset,negative_saturation,18,0.59375,-8.0,0.03125,False,-1.1875,-1.1875,-1.1875,0.0,3.62396240234375e-05,False
zero_reset,negative_saturation,19,0.625,-8.0,0.03125,False,-1.25,-1.25,-1.25,0.0,3.814697265625e-05,False
zero_reset,negative_saturation,20,0.65625,-8.0,0.03125,False,-1.3125,-1.3125,-1.3125,0.0,4.00543212890625e-05,False
zero_reset,negative_saturation,21,0.6875,-8.0,0.03125,False,-1.375,-1.375,-1.375,0.0,4.1961669921875e-05,False
zero_reset,negative_saturation,22,0.71875,-8.0,0.03125,False,-1.4375,-1.4375,-1.4375,0.0,4.38690185546875e-05,False
zero_reset,negative_saturation,23,0.75,-8.0,0.03125,False,-1.5,-1.5,-1.5,0.0,4.57763671875e-05,False
zero_reset,negative_saturation,24,0.78125,-8.0,0.03125,False,-1.5625,-1.5625,-1.5625,0.0,4.76837158203125e-05,False
zero_reset,negative_saturation,25,0.8125,-8.0,0.03125,False,-1.625,-1.625,-1.625,0.0,4.9591064453125e-05,False
zero_reset,negative_saturation,26,0.84375,-8.0,0.03125,False,-1.6875,-1.6875,-1.6875,0.0,5.14984130859375e-05,False
zero_reset,negative_saturation,27,0.875,-8.0,0.03125,False,-1.75,-1.75,-1.75,0.0,5.340576171875e-05,False
zero_reset,negative_saturation,28,0.90625,-8.0,0.03125,False,-1.8125,-1.8125,-1.8125,0.0,5.53131103515625e-05,False
zero_reset,negative_saturation,29,0.9375,-8.0,0.03125,False,-1.875,-1.875,-1.875,0.0,5.7220458984375e-05,False
zero_reset,negative_saturation,30,0.96875,-8.0,0.03125,False,-1.9375,-1.9375,-1.9375,0.0,5.91278076171875e-05,False
zero_reset,negative_saturation,31,1.0,-8.0,0.03125,False,-2.0,-2.0,-2.0,0.0,6.103515625e-05,True
zero_reset,negative_saturation,32,1.03125,-8.0,0.03125,False,-2.0,-2.0,-2.0,0.0,6.29425048828125e-05,False
zero_reset,negative_saturation,33,1.0625,-8.0,0.03125,False,-2.0,-2.0,-2.0,0.0,6.4849853515625e-05,False
zero_reset,negative_saturation,34,1.09375,-8.0,0.03125,False,-2.0,-2.0,-2.0,0.0,6.67572021484375e-05,False
zero_reset,negative_saturation,35,1.125,-8.0,0.03125,False,-2.0,-2.0,-2.0,0.0,6.866455078125e-05,False
zero_reset,negative_saturation,36,1.15625,-8.0,0.03125,False,-2.0,-2.0,-2.0,0.0,7.05718994140625e-05,False
zero_reset,negative_saturation,37,1.1875,-8.0,0.03125,False,-2.0,-2.0,-2.0,0.0,7.2479248046875e-05,False
zero_reset,negative_saturation,38,1.21875,-8.0,0.03125,False,-2.0,-2.0,-2.0,0.0,7.43865966796875e-05,False
zero_reset,negative_saturation,39,1.25,-8.0,0.03125,False,-2.0,-2.0,-2.0,0.0,7.62939453125e-05,False
zero_reset,negative_saturation,40,1.28125,-8.0,0.03125,False,-2.0,-2.0,-2.0,0.0,7.82012939453125e-05,False
zero_reset,negative_saturation,41,1.3125,-8.0,0.03125,False,-2.0,-2.0,-2.0,0.0,8.0108642578125e-05,False
zero_reset,negative_saturation,42,1.34375,-8.0,0.03125,False,-2.0,-2.0,-2.0,0.0,8.20159912109375e-05,False
zero_reset,negative_saturation,43,1.375,-8.0,0.03125,False,-2.0,-2.0,-2.0,0.0,8.392333984375e-05,False
zero_reset,negative_saturation,44,1.40625,-8.0,0.03125,False,-2.0,-2.0,-2.0,0.0,8.58306884765625e-05,False
zero_reset,negative_saturation,45,1.4375,-8.0,0.03125,False,-2.0,-2.0,-2.0,0.0,8.7738037109375e-05,False
zero_reset,negative_saturation,46,1.46875,-8.0,0.03125,False,-2.0,-2.0,-2.0,0.0,8.96453857421875e-05,False
zero_reset,negative_saturation,47,1.5,-8.0,0.03125,False,-2.0,-2.0,-2.0,0.0,9.1552734375e-05,False
zero_reset,negative_saturation,48,1.53125,-8.0,0.03125,False,-2.0,-2.0,-2.0,0.0,9.34600830078125e-05,False
zero_reset,negative_saturation,49,1.5625,-8.0,0.03125,False,-2.0,-2.0,-2.0,0.0,9.5367431640625e-05,False
zero_reset,negative_saturation,50,1.59375,-8.0,0.03125,False,-2.0,-2.0,-2.0,0.0,9.72747802734375e-05,False
zero_reset,negative_saturation,51,1.625,-8.0,0.03125,False,-2.0,-2.0,-2.0,0.0,9.918212890625e-05,False
zero_reset,negative_saturation,52,1.65625,-8.0,0.03125,False,-2.0,-2.0,-2.0,0.0,0.0001010894775390625,False
zero_reset,negative_saturation,53,1.6875,-8.0,0.03125,False,-2.0,-2.0,-2.0,0.0,0.000102996826171875,False
zero_reset,negative_saturation,54,1.71875,-8.0,0.03125,False,-2.0,-2.0,-2.0,0.0,0.0001049041748046875,False
zero_reset,negative_saturation,55,1.75,-8.0,0.03125,False,-2.0,-2.0,-2.0,0.0,0.0001068115234375,False
zero_reset,negative_saturation,56,1.78125,-8.0,0.03125,False,-2.0,-2.0,-2.0,0.0,0.0001087188720703125,False
zero_reset,negative_saturation,57,1.8125,-8.0,0.03125,False,-2.0,-2.0,-2.0,0.0,0.000110626220703125,False
zero_reset,negative_saturation,58,1.84375,-8.0,0.03125,False,-2.0,-2.0,-2.0,0.0,0.0001125335693359375,False
zero_reset,negative_saturation,59,1.875,-8.0,0.03125,False,-2.0,-2.0,-2.0,0.0,0.00011444091796875,False
zero_reset,negative_saturation,60,1.90625,-8.0,0.03125,False,-2.0,-2.0,-2.0,0.0,0.0001163482666015625,False
zero_reset,negative_saturation,61,1.9375,-8.0,0.03125,False,-2.0,-2.0,-2.0,0.0,0.000118255615234375,False
zero_reset,negative_saturation,62,1.96875,-8.0,0.03125,False,-2.0,-2.0,-2.0,0.0,0.0001201629638671875,False
zero_reset,negative_saturation,63,2.0,-8.0,0.03125,False,-2.0,-2.0,-2.0,0.0,0.0001220703125,False
zero_reset,negative_saturation,64,2.03125,-8.0,0.03125,False,-2.0,-2.0,-2.0,0.0,0.0001239776611328125,False
zero_reset,negative_saturation,65,2.0625,-8.0,0.03125,False,-2.0,-2.0,-2.0,0.0,0.000125885009765625,False
zero_reset,negative_saturation,66,2.09375,-8.0,0.03125,False,-2.0,-2.0,-2.0,0.0,0.0001277923583984375,False
zero_reset,negative_saturation,67,2.125,-8.0,0.03125,False,-2.0,-2.0,-2.0,0.0,0.00012969970703125,False
zero_reset,negative_saturation,68,2.15625,-8.0,0.03125,False,-2.0,-2.0,-2.0,0.0,0.0001316070556640625,False
zero_reset,negative_saturation,69,2.1875,-8.0,0.03125,False,-2.0,-2.0,-2.0,0.0,0.000133514404296875,False
zero_reset,negative_saturation,70,2.21875,-8.0,0.03125,False,-2.0,-2.0,-2.0,0.0,0.0001354217529296875,False
zero_reset,negative_saturation,71,2.25,-8.0,0.03125,False,-2.0,-2.0,-2.0,0.0,0.0001373291015625,False
zero_reset,negative_saturation,72,2.28125,-8.0,0.03125,False,-2.0,-2.0,-2.0,0.0,0.0001392364501953125,False
zero_reset,negative_saturation,73,2.3125,-8.0,0.03125,False,-2.0,-2.0,-2.0,0.0,0.000141143798828125,False
zero_reset,negative_saturation,74,2.34375,-8.0,0.03125,False,-2.0,-2.0,-2.0,0.0,0.0001430511474609375,False
zero_reset,negative_saturation,75,2.375,-8.0,0.03125,False,-2.0,-2.0,-2.0,0.0,0.00014495849609375,False
zero_reset,negative_saturation,76,2.40625,-8.0,0.03125,False,-2.0,-2.0,-2.0,0.0,0.0001468658447265625,False
zero_reset,negative_saturation,77,2.4375,-8.0,0.03125,False,-2.0,-2.0,-2.0,0.0,0.000148773193359375,False
zero_reset,negative_saturation,78,2.46875,-8.0,0.03125,False,-2.0,-2.0,-2.0,0.0,0.0001506805419921875,False
zero_reset,negative_saturation,79,2.5,-8.0,0.03125,False,-2.0,-2.0,-2.0,0.0,0.000152587890625,False
zero_reset,negative_saturation,80,2.53125,-8.0,0.03125,False,-2.0,-2.0,-2.0,0.0,0.0001544952392578125,False
zero_reset,negative_saturation,81,2.5625,-8.0,0.03125,False,-2.0,-2.0,-2.0,0.0,0.000156402587890625,False
zero_reset,negative_saturation,82,2.59375,-8.0,0.03125,False,-2.0,-2.0,-2.0,0.0,0.0001583099365234375,False
zero_reset,negative_saturation,83,2.625,-8.0,0.03125,False,-2.0,-2.0,-2.0,0.0,0.00016021728515625,False
zero_reset,negative_saturation,84,2.65625,-8.0,0.03125,False,-2.0,-2.0,-2.0,0.0,0.0001621246337890625,False
zero_reset,negative_saturation,85,2.6875,-8.0,0.03125,False,-2.0,-2.0,-2.0,0.0,0.000164031982421875,False
zero_reset,negative_saturation,86,2.71875,-8.0,0.03125,False,-2.0,-2.0,-2.0,0.0,0.0001659393310546875,False
zero_reset,negative_saturation,87,2.75,-8.0,0.03125,False,-2.0,-2.0,-2.0,0.0,0.0001678466796875,False
zero_reset,negative_saturation,88,2.78125,-8.0,0.03125,False,-2.0,-2.0,-2.0,0.0,0.0001697540283203125,False
zero_reset,negative_saturation,89,2.8125,-8.0,0.03125,False,-2.0,-2.0,-2.0,0.0,0.000171661376953125,False
zero_reset,negative_saturation,90,2.84375,-8.0,0.03125,False,-2.0,-2.0,-2.0,0.0,0.0001735687255859375,False
zero_reset,negative_saturation,91,2.875,-8.0,0.03125,False,-2.0,-2.0,-2.0,0.0,0.00017547607421875,False
zero_reset,negative_saturation,92,2.90625,-8.0,0.03125,False,-2.0,-2.0,-2.0,0.0,0.0001773834228515625,False
zero_reset,negative_saturation,93,2.9375,-8.0,0.03125,False,-2.0,-2.0,-2.0,0.0,0.000179290771484375,False
zero_reset,negative_saturation,94,2.96875,-8.0,0.03125,False,-2.0,-2.0,-2.0,0.0,0.0001811981201171875,False
zero_reset,negative_saturation,95,3.0,-8.0,0.03125,False,-2.0,-2.0,-2.0,0.0,0.00018310546875,False
zero_reset,negative_saturation,96,3.03125,-8.0,0.03125,False,-2.0,-2.0,-2.0,0.0,0.0001850128173828125,False
zero_reset,negative_saturation,97,3.0625,-8.0,0.03125,False,-2.0,-2.0,-2.0,0.0,0.000186920166015625,False
zero_reset,negative_saturation,98,3.09375,-8.0,0.03125,False,-2.0,-2.0,-2.0,0.0,0.0001888275146484375,False
zero_reset,negative_saturation,99,3.125,-8.0,0.03125,False,-2.0,-2.0,-2.0,0.0,0.00019073486328125,False
zero_reset,negative_saturation,100,3.15625,-8.0,0.03125,False,-2.0,-2.0,-2.0,0.0,0.0001926422119140625,False
zero_reset,negative_saturation,101,3.1875,-8.0,0.03125,False,-2.0,-2.0,-2.0,0.0,0.000194549560546875,False
zero_reset,negative_saturation,102,3.21875,-8.0,0.03125,False,-2.0,-2.0,-2.0,0.0,0.0001964569091796875,False
zero_reset,negative_saturation,103,3.25,-8.0,0.03125,False,-2.0,-2.0,-2.0,0.0,0.0001983642578125,False
zero_reset,negative_saturation,104,3.28125,-8.0,0.03125,False,-2.0,-2.0,-2.0,0.0,0.0002002716064453125,False
zero_reset,negative_saturation,105,3.3125,-8.0,0.03125,False,-2.0,-2.0,-2.0,0.0,0.000202178955078125,False
zero_reset,negative_saturation,106,3.34375,-8.0,0.03125,False,-2.0,-2.0,-2.0,0.0,0.0002040863037109375,False
zero_reset,negative_saturation,107,3.375,-8.0,0.03125,False,-2.0,-2.0,-2.0,0.0,0.00020599365234375,False
zero_reset,negative_saturation,108,3.40625,-8.0,0.03125,False,-2.0,-2.0,-2.0,0.0,0.0002079010009765625,False
zero_reset,negative_saturation,109,3.4375,-8.0,0.03125,False,-2.0,-2.0,-2.0,0.0,0.000209808349609375,False
zero_reset,negative_saturation,110,3.46875,-8.0,0.03125,False,-2.0,-2.0,-2.0,0.0,0.0002117156982421875,False
zero_reset,negative_saturation,111,3.5,-8.0,0.03125,False,-2.0,-2.0,-2.0,0.0,0.000213623046875,False
zero_reset,negative_saturation,112,3.53125,-8.0,0.03125,False,-2.0,-2.0,-2.0,0.0,0.0002155303955078125,False
zero_reset,negative_saturation,113,3.5625,-8.0,0.03125,False,-2.0,-2.0,-2.0,0.0,0.000217437744140625,False
zero_reset,negative_saturation,114,3.59375,-8.0,0.03125,False,-2.0,-2.0,-2.0,0.0,0.0002193450927734375,False
zero_reset,negative_saturation,115,3.625,-8.0,0.03125,False,-2.0,-2.0,-2.0,0.0,0.00022125244140625,False
zero_reset,negative_saturation,116,3.65625,-8.0,0.03125,False,-2.0,-2.0,-2.0,0.0,0.0002231597900390625,False
zero_reset,negative_saturation,117,3.6875,-8.0,0.03125,False,-2.0,-2.0,-2.0,0.0,0.000225067138671875,False
zero_reset,negative_saturation,118,3.71875,-8.0,0.03125,False,-2.0,-2.0,-2.0,0.0,0.0002269744873046875,False
zero_reset,negative_saturation,119,3.75,-8.0,0.03125,False,-2.0,-2.0,-2.0,0.0,0.0002288818359375,False
zero_reset,negative_saturation,120,3.78125,-8.0,0.03125,False,-2.0,-2.0,-2.0,0.0,0.0002307891845703125,False
zero_reset,negative_saturation,121,3.8125,-8.0,0.03125,False,-2.0,-2.0,-2.0,0.0,0.000232696533203125,False
zero_reset,negative_saturation,122,3.84375,-8.0,0.03125,False,-2.0,-2.0,-2.0,0.0,0.0002346038818359375,False
zero_reset,negative_saturation,123,3.875,-8.0,0.03125,False,-2.0,-2.0,-2.0,0.0,0.00023651123046875,False
zero_reset,negative_saturation,124,3.90625,-8.0,0.03125,False,-2.0,-2.0,-2.0,0.0,0.0002384185791015625,False
zero_reset,negative_saturation,125,3.9375,-8.0,0.03125,False,-2.0,-2.0,-2.0,0.0,0.000240325927734375,False
zero_reset,negative_saturation,126,3.96875,-8.0,0.03125,False,-2.0,-2.0,-2.0,0.0,0.0002422332763671875,False
zero_reset,negative_saturation,127,4.0,-8.0,0.03125,False,-2.0,-2.0,-2.0,0.0,0.000244140625,False
zero_reset,reversal,0,0.03125,-8.0,0.03125,False,1.9375,1.9375,1.9375,0.0,1.9073486328125e-06,False
zero_reset,reversal,1,0.0625,-8.0,0.03125,False,1.875,1.875,1.875,0.0,3.814697265625e-06,False
zero_reset,reversal,2,0.09375,-8.0,0.03125,False,1.8125,1.8125,1.8125,0.0,5.7220458984375e-06,False
zero_reset,reversal,3,0.125,-8.0,0.03125,False,1.75,1.75,1.75,0.0,7.62939453125e-06,False
zero_reset,reversal,4,0.15625,-8.0,0.03125,False,1.6875,1.6875,1.6875,0.0,9.5367431640625e-06,False
zero_reset,reversal,5,0.1875,-8.0,0.03125,False,1.625,1.625,1.625,0.0,1.1444091796875e-05,False
zero_reset,reversal,6,0.21875,-8.0,0.03125,False,1.5625,1.5625,1.5625,0.0,1.33514404296875e-05,False
zero_reset,reversal,7,0.25,-8.0,0.03125,False,1.5,1.5,1.5,0.0,1.52587890625e-05,False
zero_reset,reversal,8,0.28125,-8.0,0.03125,False,1.4375,1.4375,1.4375,0.0,1.71661376953125e-05,False
zero_reset,reversal,9,0.3125,-8.0,0.03125,False,1.375,1.375,1.375,0.0,1.9073486328125e-05,False
zero_reset,reversal,10,0.34375,-8.0,0.03125,False,1.3125,1.3125,1.3125,0.0,2.09808349609375e-05,False
zero_reset,reversal,11,0.375,-8.0,0.03125,False,1.25,1.25,1.25,0.0,2.288818359375e-05,False
zero_reset,reversal,12,0.40625,-8.0,0.03125,False,1.1875,1.1875,1.1875,0.0,2.47955322265625e-05,False
zero_reset,reversal,13,0.4375,-8.0,0.03125,False,1.125,1.125,1.125,0.0,2.6702880859375e-05,False
zero_reset,reversal,14,0.46875,-8.0,0.03125,False,1.0625,1.0625,1.0625,0.0,2.86102294921875e-05,False
zero_reset,reversal,15,0.5,-8.0,0.03125,False,1.0,1.0,1.0,0.0,3.0517578125e-05,False
zero_reset,reversal,16,0.53125,-8.0,0.03125,False,0.9375,0.9375,0.9375,0.0,3.24249267578125e-05,False
zero_reset,reversal,17,0.5625,-8.0,0.03125,False,0.875,0.875,0.875,0.0,3.4332275390625e-05,False
zero_reset,reversal,18,0.59375,-8.0,0.03125,False,0.8125,0.8125,0.8125,0.0,3.62396240234375e-05,False
zero_reset,reversal,19,0.625,-8.0,0.03125,False,0.75,0.75,0.75,0.0,3.814697265625e-05,False
zero_reset,reversal,20,0.65625,-8.0,0.03125,False,0.6875,0.6875,0.6875,0.0,4.00543212890625e-05,False
zero_reset,reversal,21,0.6875,-8.0,0.03125,False,0.625,0.625,0.625,0.0,4.1961669921875e-05,False
zero_reset,reversal,22,0.71875,-8.0,0.03125,False,0.5625,0.5625,0.5625,0.0,4.38690185546875e-05,False
zero_reset,reversal,23,0.75,-8.0,0.03125,False,0.5,0.5,0.5,0.0,4.57763671875e-05,False
zero_reset,reversal,24,0.78125,-8.0,0.03125,False,0.4375,0.4375,0.4375,0.0,4.76837158203125e-05,False
zero_reset,reversal,25,0.8125,-8.0,0.03125,False,0.375,0.375,0.375,0.0,4.9591064453125e-05,False
zero_reset,reversal,26,0.84375,-8.0,0.03125,False,0.3125,0.3125,0.3125,0.0,5.14984130859375e-05,False
zero_reset,reversal,27,0.875,-8.0,0.03125,False,0.25,0.25,0.25,0.0,5.340576171875e-05,False
zero_reset,reversal,28,0.90625,-8.0,0.03125,False,0.1875,0.1875,0.1875,0.0,5.53131103515625e-05,False
zero_reset,reversal,29,0.9375,-8.0,0.03125,False,0.125,0.125,0.125,0.0,5.7220458984375e-05,False
zero_reset,reversal,30,0.96875,-8.0,0.03125,False,0.0625,0.0625,0.0625,0.0,5.91278076171875e-05,False
zero_reset,reversal,31,1.0,-8.0,0.03125,False,0.0,0.0,0.0,0.0,6.103515625e-05,False
zero_reset,reversal,32,1.03125,-8.0,0.03125,False,-0.0625,-0.0625,-0.0625,0.0,6.29425048828125e-05,False
zero_reset,reversal,33,1.0625,-8.0,0.03125,False,-0.125,-0.125,-0.125,0.0,6.4849853515625e-05,False
zero_reset,reversal,34,1.09375,-8.0,0.03125,False,-0.1875,-0.1875,-0.1875,0.0,6.67572021484375e-05,False
zero_reset,reversal,35,1.125,-8.0,0.03125,False,-0.25,-0.25,-0.25,0.0,6.866455078125e-05,False
zero_reset,reversal,36,1.15625,-8.0,0.03125,False,-0.3125,-0.3125,-0.3125,0.0,7.05718994140625e-05,False
zero_reset,reversal,37,1.1875,-8.0,0.03125,False,-0.375,-0.375,-0.375,0.0,7.2479248046875e-05,False
zero_reset,reversal,38,1.21875,-8.0,0.03125,False,-0.4375,-0.4375,-0.4375,0.0,7.43865966796875e-05,False
zero_reset,reversal,39,1.25,-8.0,0.03125,False,-0.5,-0.5,-0.5,0.0,7.62939453125e-05,False
zero_reset,reversal,40,1.28125,-8.0,0.03125,False,-0.5625,-0.5625,-0.5625,0.0,7.82012939453125e-05,False
zero_reset,reversal,41,1.3125,-8.0,0.03125,False,-0.625,-0.625,-0.625,0.0,8.0108642578125e-05,False
zero_reset,reversal,42,1.34375,-8.0,0.03125,False,-0.6875,-0.6875,-0.6875,0.0,8.20159912109375e-05,False
zero_reset,reversal,43,1.375,-8.0,0.03125,False,-0.75,-0.75,-0.75,0.0,8.392333984375e-05,False
zero_reset,reversal,44,1.40625,-8.0,0.03125,False,-0.8125,-0.8125,-0.8125,0.0,8.58306884765625e-05,False
zero_reset,reversal,45,1.4375,-8.0,0.03125,False,-0.875,-0.875,-0.875,0.0,8.7738037109375e-05,False
zero_reset,reversal,46,1.46875,-8.0,0.03125,False,-0.9375,-0.9375,-0.9375,0.0,8.96453857421875e-05,False
zero_reset,reversal,47,1.5,-8.0,0.03125,False,-1.0,-1.0,-1.0,0.0,9.1552734375e-05,False
zero_reset,reversal,48,1.53125,-8.0,0.03125,False,-1.0625,-1.0625,-1.0625,0.0,9.34600830078125e-05,False
zero_reset,reversal,49,1.5625,-8.0,0.03125,False,-1.125,-1.125,-1.125,0.0,9.5367431640625e-05,False
zero_reset,reversal,50,1.59375,-8.0,0.03125,False,-1.1875,-1.1875,-1.1875,0.0,9.72747802734375e-05,False
zero_reset,reversal,51,1.625,-8.0,0.03125,False,-1.25,-1.25,-1.25,0.0,9.918212890625e-05,False
zero_reset,reversal,52,1.65625,-8.0,0.03125,False,-1.3125,-1.3125,-1.3125,0.0,0.0001010894775390625,False
zero_reset,reversal,53,1.6875,-8.0,0.03125,False,-1.375,-1.375,-1.375,0.0,0.000102996826171875,False
zero_reset,reversal,54,1.71875,-8.0,0.03125,False,-1.4375,-1.4375,-1.4375,0.0,0.0001049041748046875,False
zero_reset,reversal,55,1.75,-8.0,0.03125,False,-1.5,-1.5,-1.5,0.0,0.0001068115234375,False
zero_reset,reversal,56,1.78125,-8.0,0.03125,False,-1.5625,-1.5625,-1.5625,0.0,0.0001087188720703125,False
zero_reset,reversal,57,1.8125,-8.0,0.03125,False,-1.625,-1.625,-1.625,0.0,0.000110626220703125,False
zero_reset,reversal,58,1.84375,-8.0,0.03125,False,-1.6875,-1.6875,-1.6875,0.0,0.0001125335693359375,False
zero_reset,reversal,59,1.875,-8.0,0.03125,False,-1.75,-1.75,-1.75,0.0,0.00011444091796875,False
zero_reset,reversal,60,1.90625,-8.0,0.03125,False,-1.8125,-1.8125,-1.8125,0.0,0.0001163482666015625,False
zero_reset,reversal,61,1.9375,-8.0,0.03125,False,-1.875,-1.875,-1.875,0.0,0.000118255615234375,False
zero_reset,reversal,62,1.96875,-8.0,0.03125,False,-1.9375,-1.9375,-1.9375,0.0,0.0001201629638671875,False
zero_reset,reversal,63,2.0,-8.0,0.03125,False,-2.0,-2.0,-2.0,0.0,0.0001220703125,True
zero_reset,reversal,64,2.03125,-8.0,0.03125,False,-2.0,-2.0,-2.0,0.0,0.0001239776611328125,False
zero_reset,reversal,65,2.0625,-8.0,0.03125,False,-2.0,-2.0,-2.0,0.0,0.000125885009765625,False
zero_reset,reversal,66,2.09375,-8.0,0.03125,False,-2.0,-2.0,-2.0,0.0,0.0001277923583984375,False
zero_reset,reversal,67,2.125,-8.0,0.03125,False,-2.0,-2.0,-2.0,0.0,0.00012969970703125,False
zero_reset,reversal,68,2.15625,-8.0,0.03125,False,-2.0,-2.0,-2.0,0.0,0.0001316070556640625,False
zero_reset,reversal,69,2.1875,-8.0,0.03125,False,-2.0,-2.0,-2.0,0.0,0.000133514404296875,False
zero_reset,reversal,70,2.21875,-8.0,0.03125,False,-2.0,-2.0,-2.0,0.0,0.0001354217529296875,False
zero_reset,reversal,71,2.25,-8.0,0.03125,False,-2.0,-2.0,-2.0,0.0,0.0001373291015625,False
zero_reset,reversal,72,2.28125,-8.0,0.03125,False,-2.0,-2.0,-2.0,0.0,0.0001392364501953125,False
zero_reset,reversal,73,2.3125,-8.0,0.03125,False,-2.0,-2.0,-2.0,0.0,0.000141143798828125,False
zero_reset,reversal,74,2.34375,-8.0,0.03125,False,-2.0,-2.0,-2.0,0.0,0.0001430511474609375,False
zero_reset,reversal,75,2.375,-8.0,0.03125,False,-2.0,-2.0,-2.0,0.0,0.00014495849609375,False
zero_reset,reversal,76,2.40625,-8.0,0.03125,False,-2.0,-2.0,-2.0,0.0,0.0001468658447265625,False
zero_reset,reversal,77,2.4375,-8.0,0.03125,False,-2.0,-2.0,-2.0,0.0,0.000148773193359375,False
zero_reset,reversal,78,2.46875,-8.0,0.03125,False,-2.0,-2.0,-2.0,0.0,0.0001506805419921875,False
zero_reset,reversal,79,2.5,-8.0,0.03125,False,-2.0,-2.0,-2.0,0.0,0.000152587890625,False
zero_reset,reversal,80,2.53125,-8.0,0.03125,False,-2.0,-2.0,-2.0,0.0,0.0001544952392578125,False
zero_reset,reversal,81,2.5625,-8.0,0.03125,False,-2.0,-2.0,-2.0,0.0,0.000156402587890625,False
zero_reset,reversal,82,2.59375,-8.0,0.03125,False,-2.0,-2.0,-2.0,0.0,0.0001583099365234375,False
zero_reset,reversal,83,2.625,-8.0,0.03125,False,-2.0,-2.0,-2.0,0.0,0.00016021728515625,False
zero_reset,reversal,84,2.65625,-8.0,0.03125,False,-2.0,-2.0,-2.0,0.0,0.0001621246337890625,False
zero_reset,reversal,85,2.6875,-8.0,0.03125,False,-2.0,-2.0,-2.0,0.0,0.000164031982421875,False
zero_reset,reversal,86,2.71875,-8.0,0.03125,False,-2.0,-2.0,-2.0,0.0,0.0001659393310546875,False
zero_reset,reversal,87,2.75,-8.0,0.03125,False,-2.0,-2.0,-2.0,0.0,0.0001678466796875,False
zero_reset,reversal,88,2.78125,-8.0,0.03125,False,-2.0,-2.0,-2.0,0.0,0.0001697540283203125,False
zero_reset,reversal,89,2.8125,-8.0,0.03125,False,-2.0,-2.0,-2.0,0.0,0.000171661376953125,False
zero_reset,reversal,90,2.84375,-8.0,0.03125,False,-2.0,-2.0,-2.0,0.0,0.0001735687255859375,False
zero_reset,reversal,91,2.875,-8.0,0.03125,False,-2.0,-2.0,-2.0,0.0,0.00017547607421875,False
zero_reset,reversal,92,2.90625,-8.0,0.03125,False,-2.0,-2.0,-2.0,0.0,0.0001773834228515625,False
zero_reset,reversal,93,2.9375,-8.0,0.03125,False,-2.0,-2.0,-2.0,0.0,0.000179290771484375,False
zero_reset,reversal,94,2.96875,-8.0,0.03125,False,-2.0,-2.0,-2.0,0.0,0.0001811981201171875,False
zero_reset,reversal,95,3.0,-8.0,0.03125,False,-2.0,-2.0,-2.0,0.0,0.00018310546875,False
zero_reset,reversal,96,3.03125,-8.0,0.03125,False,-2.0,-2.0,-2.0,0.0,0.0001850128173828125,False
zero_reset,reversal,97,3.0625,-8.0,0.03125,False,-2.0,-2.0,-2.0,0.0,0.000186920166015625,False
zero_reset,reversal,98,3.09375,-8.0,0.03125,False,-2.0,-2.0,-2.0,0.0,0.0001888275146484375,False
zero_reset,reversal,99,3.125,-8.0,0.03125,False,-2.0,-2.0,-2.0,0.0,0.00019073486328125,False
zero_reset,reversal,100,3.15625,-8.0,0.03125,False,-2.0,-2.0,-2.0,0.0,0.0001926422119140625,False
zero_reset,reversal,101,3.1875,-8.0,0.03125,False,-2.0,-2.0,-2.0,0.0,0.000194549560546875,False
zero_reset,reversal,102,3.21875,-8.0,0.03125,False,-2.0,-2.0,-2.0,0.0,0.0001964569091796875,False
zero_reset,reversal,103,3.25,-8.0,0.03125,False,-2.0,-2.0,-2.0,0.0,0.0001983642578125,False
zero_reset,reversal,104,3.28125,-8.0,0.03125,False,-2.0,-2.0,-2.0,0.0,0.0002002716064453125,False
zero_reset,reversal,105,3.3125,-8.0,0.03125,False,-2.0,-2.0,-2.0,0.0,0.000202178955078125,False
zero_reset,reversal,106,3.34375,-8.0,0.03125,False,-2.0,-2.0,-2.0,0.0,0.0002040863037109375,False
zero_reset,reversal,107,3.375,-8.0,0.03125,False,-2.0,-2.0,-2.0,0.0,0.00020599365234375,False
zero_reset,reversal,108,3.40625,-8.0,0.03125,False,-2.0,-2.0,-2.0,0.0,0.0002079010009765625,False
zero_reset,reversal,109,3.4375,-8.0,0.03125,False,-2.0,-2.0,-2.0,0.0,0.000209808349609375,False
zero_reset,reversal,110,3.46875,-8.0,0.03125,False,-2.0,-2.0,-2.0,0.0,0.0002117156982421875,False
zero_reset,reversal,111,3.5,-8.0,0.03125,False,-2.0,-2.0,-2.0,0.0,0.000213623046875,False
zero_reset,reversal,112,3.53125,-8.0,0.03125,False,-2.0,-2.0,-2.0,0.0,0.0002155303955078125,False
zero_reset,reversal,113,3.5625,-8.0,0.03125,False,-2.0,-2.0,-2.0,0.0,0.000217437744140625,False
zero_reset,reversal,114,3.59375,-8.0,0.03125,False,-2.0,-2.0,-2.0,0.0,0.0002193450927734375,False
zero_reset,reversal,115,3.625,-8.0,0.03125,False,-2.0,-2.0,-2.0,0.0,0.00022125244140625,False
zero_reset,reversal,116,3.65625,-8.0,0.03125,False,-2.0,-2.0,-2.0,0.0,0.0002231597900390625,False
zero_reset,reversal,117,3.6875,-8.0,0.03125,False,-2.0,-2.0,-2.0,0.0,0.000225067138671875,False
zero_reset,reversal,118,3.71875,-8.0,0.03125,False,-2.0,-2.0,-2.0,0.0,0.0002269744873046875,False
zero_reset,reversal,119,3.75,-8.0,0.03125,False,-2.0,-2.0,-2.0,0.0,0.0002288818359375,False
zero_reset,reversal,120,3.78125,-8.0,0.03125,False,-2.0,-2.0,-2.0,0.0,0.0002307891845703125,False
zero_reset,reversal,121,3.8125,-8.0,0.03125,False,-2.0,-2.0,-2.0,0.0,0.000232696533203125,False
zero_reset,reversal,122,3.84375,-8.0,0.03125,False,-2.0,-2.0,-2.0,0.0,0.0002346038818359375,False
zero_reset,reversal,123,3.875,-8.0,0.03125,False,-2.0,-2.0,-2.0,0.0,0.00023651123046875,False
zero_reset,reversal,124,3.90625,-8.0,0.03125,False,-2.0,-2.0,-2.0,0.0,0.0002384185791015625,False
zero_reset,reversal,125,3.9375,-8.0,0.03125,False,-2.0,-2.0,-2.0,0.0,0.000240325927734375,False
zero_reset,reversal,126,3.96875,-8.0,0.03125,False,-2.0,-2.0,-2.0,0.0,0.0002422332763671875,False
zero_reset,reversal,127,4.0,-8.0,0.03125,False,-2.0,-2.0,-2.0,0.0,0.000244140625,False
zero_reset,reversal,128,4.03125,8.0,0.03125,False,-1.875,-1.875,-1.875,0.0,0.0002460479736328125,False
zero_reset,reversal,129,4.0625,8.0,0.03125,False,-1.75,-1.75,-1.75,0.0,0.000247955322265625,False
zero_reset,reversal,130,4.09375,8.0,0.03125,False,-1.625,-1.625,-1.625,0.0,0.0002498626708984375,False
zero_reset,reversal,131,4.125,8.0,0.03125,False,-1.5,-1.5,-1.5,0.0,0.00025177001953125,False
zero_reset,reversal,132,4.15625,8.0,0.03125,False,-1.375,-1.375,-1.375,0.0,0.0002536773681640625,False
zero_reset,reversal,133,4.1875,8.0,0.03125,False,-1.25,-1.25,-1.25,0.0,0.000255584716796875,False
zero_reset,reversal,134,4.21875,8.0,0.03125,False,-1.125,-1.125,-1.125,0.0,0.0002574920654296875,False
zero_reset,reversal,135,4.25,8.0,0.03125,False,-1.0,-1.0,-1.0,0.0,0.0002593994140625,False
zero_reset,reversal,136,4.28125,8.0,0.03125,False,-0.875,-0.875,-0.875,0.0,0.0002613067626953125,False
zero_reset,reversal,137,4.3125,8.0,0.03125,False,-0.75,-0.75,-0.75,0.0,0.000263214111328125,False
zero_reset,reversal,138,4.34375,8.0,0.03125,False,-0.625,-0.625,-0.625,0.0,0.0002651214599609375,False
zero_reset,reversal,139,4.375,8.0,0.03125,False,-0.5,-0.5,-0.5,0.0,0.00026702880859375,False
zero_reset,reversal,140,4.40625,8.0,0.03125,False,-0.375,-0.375,-0.375,0.0,0.0002689361572265625,False
zero_reset,reversal,141,4.4375,8.0,0.03125,False,-0.25,-0.25,-0.25,0.0,0.000270843505859375,False
zero_reset,reversal,142,4.46875,8.0,0.03125,False,-0.125,-0.125,-0.125,0.0,0.0002727508544921875,False
zero_reset,reversal,143,4.5,8.0,0.03125,False,0.0,0.0,0.0,0.0,0.000274658203125,False
zero_reset,reversal,144,4.53125,8.0,0.03125,False,0.125,0.125,0.125,0.0,0.0002765655517578125,False
zero_reset,reversal,145,4.5625,8.0,0.03125,False,0.25,0.25,0.25,0.0,0.000278472900390625,False
zero_reset,reversal,146,4.59375,8.0,0.03125,False,0.375,0.375,0.375,0.0,0.0002803802490234375,False
zero_reset,reversal,147,4.625,8.0,0.03125,False,0.5,0.5,0.5,0.0,0.00028228759765625,False
zero_reset,reversal,148,4.65625,8.0,0.03125,False,0.625,0.625,0.625,0.0,0.0002841949462890625,False
zero_reset,reversal,149,4.6875,8.0,0.03125,False,0.75,0.75,0.75,0.0,0.000286102294921875,False
zero_reset,reversal,150,4.71875,8.0,0.03125,False,0.875,0.875,0.875,0.0,0.0002880096435546875,False
zero_reset,reversal,151,4.75,8.0,0.03125,False,1.0,1.0,1.0,0.0,0.0002899169921875,False
zero_reset,reversal,152,4.78125,8.0,0.03125,False,1.125,1.125,1.125,0.0,0.0002918243408203125,False
zero_reset,reversal,153,4.8125,8.0,0.03125,False,1.25,1.25,1.25,0.0,0.000293731689453125,False
zero_reset,reversal,154,4.84375,8.0,0.03125,False,1.375,1.375,1.375,0.0,0.0002956390380859375,False
zero_reset,reversal,155,4.875,8.0,0.03125,False,1.5,1.5,1.5,0.0,0.00029754638671875,False
zero_reset,reversal,156,4.90625,8.0,0.03125,False,1.625,1.625,1.625,0.0,0.0002994537353515625,False
zero_reset,reversal,157,4.9375,8.0,0.03125,False,1.75,1.75,1.75,0.0,0.000301361083984375,False
zero_reset,reversal,158,4.96875,8.0,0.03125,False,1.875,1.875,1.875,0.0,0.0003032684326171875,False
zero_reset,reversal,159,5.0,8.0,0.03125,False,2.0,2.0,2.0,0.0,0.00030517578125,True
zero_reset,reversal,160,5.03125,8.0,0.03125,False,2.0,2.0,2.0,0.0,0.0003070831298828125,False
zero_reset,reversal,161,5.0625,8.0,0.03125,False,2.0,2.0,2.0,0.0,0.000308990478515625,False
zero_reset,reversal,162,5.09375,8.0,0.03125,False,2.0,2.0,2.0,0.0,0.0003108978271484375,False
zero_reset,reversal,163,5.125,8.0,0.03125,False,2.0,2.0,2.0,0.0,0.00031280517578125,False
zero_reset,reversal,164,5.15625,8.0,0.03125,False,2.0,2.0,2.0,0.0,0.0003147125244140625,False
zero_reset,reversal,165,5.1875,8.0,0.03125,False,2.0,2.0,2.0,0.0,0.000316619873046875,False
zero_reset,reversal,166,5.21875,8.0,0.03125,False,2.0,2.0,2.0,0.0,0.0003185272216796875,False
zero_reset,reversal,167,5.25,8.0,0.03125,False,2.0,2.0,2.0,0.0,0.0003204345703125,False
zero_reset,reversal,168,5.28125,8.0,0.03125,False,2.0,2.0,2.0,0.0,0.0003223419189453125,False
zero_reset,reversal,169,5.3125,8.0,0.03125,False,2.0,2.0,2.0,0.0,0.000324249267578125,False
zero_reset,reversal,170,5.34375,8.0,0.03125,False,2.0,2.0,2.0,0.0,0.0003261566162109375,False
zero_reset,reversal,171,5.375,8.0,0.03125,False,2.0,2.0,2.0,0.0,0.00032806396484375,False
zero_reset,reversal,172,5.40625,8.0,0.03125,False,2.0,2.0,2.0,0.0,0.0003299713134765625,False
zero_reset,reversal,173,5.4375,8.0,0.03125,False,2.0,2.0,2.0,0.0,0.000331878662109375,False
zero_reset,reversal,174,5.46875,8.0,0.03125,False,2.0,2.0,2.0,0.0,0.0003337860107421875,False
zero_reset,reversal,175,5.5,8.0,0.03125,False,2.0,2.0,2.0,0.0,0.000335693359375,False
zero_reset,reversal,176,5.53125,8.0,0.03125,False,2.0,2.0,2.0,0.0,0.0003376007080078125,False
zero_reset,reversal,177,5.5625,8.0,0.03125,False,2.0,2.0,2.0,0.0,0.000339508056640625,False
zero_reset,reversal,178,5.59375,8.0,0.03125,False,2.0,2.0,2.0,0.0,0.0003414154052734375,False
zero_reset,reversal,179,5.625,8.0,0.03125,False,2.0,2.0,2.0,0.0,0.00034332275390625,False
zero_reset,reversal,180,5.65625,8.0,0.03125,False,2.0,2.0,2.0,0.0,0.0003452301025390625,False
zero_reset,reversal,181,5.6875,8.0,0.03125,False,2.0,2.0,2.0,0.0,0.000347137451171875,False
zero_reset,reversal,182,5.71875,8.0,0.03125,False,2.0,2.0,2.0,0.0,0.0003490447998046875,False
zero_reset,reversal,183,5.75,8.0,0.03125,False,2.0,2.0,2.0,0.0,0.0003509521484375,False
zero_reset,reversal,184,5.78125,8.0,0.03125,False,2.0,2.0,2.0,0.0,0.0003528594970703125,False
zero_reset,reversal,185,5.8125,8.0,0.03125,False,2.0,2.0,2.0,0.0,0.000354766845703125,False
zero_reset,reversal,186,5.84375,8.0,0.03125,False,2.0,2.0,2.0,0.0,0.0003566741943359375,False
zero_reset,reversal,187,5.875,8.0,0.03125,False,2.0,2.0,2.0,0.0,0.00035858154296875,False
zero_reset,reversal,188,5.90625,8.0,0.03125,False,2.0,2.0,2.0,0.0,0.0003604888916015625,False
zero_reset,reversal,189,5.9375,8.0,0.03125,False,2.0,2.0,2.0,0.0,0.000362396240234375,False
zero_reset,reversal,190,5.96875,8.0,0.03125,False,2.0,2.0,2.0,0.0,0.0003643035888671875,False
zero_reset,reversal,191,6.0,8.0,0.03125,False,2.0,2.0,2.0,0.0,0.0003662109375,False
zero_reset,reversal,192,6.03125,8.0,0.03125,False,2.0,2.0,2.0,0.0,0.0003681182861328125,False
zero_reset,reversal,193,6.0625,8.0,0.03125,False,2.0,2.0,2.0,0.0,0.000370025634765625,False
zero_reset,reversal,194,6.09375,8.0,0.03125,False,2.0,2.0,2.0,0.0,0.0003719329833984375,False
zero_reset,reversal,195,6.125,8.0,0.03125,False,2.0,2.0,2.0,0.0,0.00037384033203125,False
zero_reset,reversal,196,6.15625,8.0,0.03125,False,2.0,2.0,2.0,0.0,0.0003757476806640625,False
zero_reset,reversal,197,6.1875,8.0,0.03125,False,2.0,2.0,2.0,0.0,0.000377655029296875,False
zero_reset,reversal,198,6.21875,8.0,0.03125,False,2.0,2.0,2.0,0.0,0.0003795623779296875,False
zero_reset,reversal,199,6.25,8.0,0.03125,False,2.0,2.0,2.0,0.0,0.0003814697265625,False
zero_reset,reversal,200,6.28125,8.0,0.03125,False,2.0,2.0,2.0,0.0,0.0003833770751953125,False
zero_reset,reversal,201,6.3125,8.0,0.03125,False,2.0,2.0,2.0,0.0,0.000385284423828125,False
zero_reset,reversal,202,6.34375,8.0,0.03125,False,2.0,2.0,2.0,0.0,0.0003871917724609375,False
zero_reset,reversal,203,6.375,8.0,0.03125,False,2.0,2.0,2.0,0.0,0.00038909912109375,False
zero_reset,reversal,204,6.40625,8.0,0.03125,False,2.0,2.0,2.0,0.0,0.0003910064697265625,False
zero_reset,reversal,205,6.4375,8.0,0.03125,False,2.0,2.0,2.0,0.0,0.000392913818359375,False
zero_reset,reversal,206,6.46875,8.0,0.03125,False,2.0,2.0,2.0,0.0,0.0003948211669921875,False
zero_reset,reversal,207,6.5,8.0,0.03125,False,2.0,2.0,2.0,0.0,0.000396728515625,False
zero_reset,reversal,208,6.53125,8.0,0.03125,False,2.0,2.0,2.0,0.0,0.0003986358642578125,False
zero_reset,reversal,209,6.5625,8.0,0.03125,False,2.0,2.0,2.0,0.0,0.000400543212890625,False
zero_reset,reversal,210,6.59375,8.0,0.03125,False,2.0,2.0,2.0,0.0,0.0004024505615234375,False
zero_reset,reversal,211,6.625,8.0,0.03125,False,2.0,2.0,2.0,0.0,0.00040435791015625,False
zero_reset,reversal,212,6.65625,8.0,0.03125,False,2.0,2.0,2.0,0.0,0.0004062652587890625,False
zero_reset,reversal,213,6.6875,8.0,0.03125,False,2.0,2.0,2.0,0.0,0.000408172607421875,False
zero_reset,reversal,214,6.71875,8.0,0.03125,False,2.0,2.0,2.0,0.0,0.0004100799560546875,False
zero_reset,reversal,215,6.75,8.0,0.03125,False,2.0,2.0,2.0,0.0,0.0004119873046875,False
zero_reset,reversal,216,6.78125,8.0,0.03125,False,2.0,2.0,2.0,0.0,0.0004138946533203125,False
zero_reset,reversal,217,6.8125,8.0,0.03125,False,2.0,2.0,2.0,0.0,0.000415802001953125,False
zero_reset,reversal,218,6.84375,8.0,0.03125,False,2.0,2.0,2.0,0.0,0.0004177093505859375,False
zero_reset,reversal,219,6.875,8.0,0.03125,False,2.0,2.0,2.0,0.0,0.00041961669921875,False
zero_reset,reversal,220,6.90625,8.0,0.03125,False,2.0,2.0,2.0,0.0,0.0004215240478515625,False
zero_reset,reversal,221,6.9375,8.0,0.03125,False,2.0,2.0,2.0,0.0,0.000423431396484375,False
zero_reset,reversal,222,6.96875,8.0,0.03125,False,2.0,2.0,2.0,0.0,0.0004253387451171875,False
zero_reset,reversal,223,7.0,8.0,0.03125,False,2.0,2.0,2.0,0.0,0.00042724609375,False
zero_reset,reversal,224,7.03125,8.0,0.03125,False,2.0,2.0,2.0,0.0,0.0004291534423828125,False
zero_reset,reversal,225,7.0625,8.0,0.03125,False,2.0,2.0,2.0,0.0,0.000431060791015625,False
zero_reset,reversal,226,7.09375,8.0,0.03125,False,2.0,2.0,2.0,0.0,0.0004329681396484375,False
zero_reset,reversal,227,7.125,8.0,0.03125,False,2.0,2.0,2.0,0.0,0.00043487548828125,False
zero_reset,reversal,228,7.15625,8.0,0.03125,False,2.0,2.0,2.0,0.0,0.0004367828369140625,False
zero_reset,reversal,229,7.1875,8.0,0.03125,False,2.0,2.0,2.0,0.0,0.000438690185546875,False
zero_reset,reversal,230,7.21875,8.0,0.03125,False,2.0,2.0,2.0,0.0,0.0004405975341796875,False
zero_reset,reversal,231,7.25,8.0,0.03125,False,2.0,2.0,2.0,0.0,0.0004425048828125,False
zero_reset,reversal,232,7.28125,8.0,0.03125,False,2.0,2.0,2.0,0.0,0.0004444122314453125,False
zero_reset,reversal,233,7.3125,8.0,0.03125,False,2.0,2.0,2.0,0.0,0.000446319580078125,False
zero_reset,reversal,234,7.34375,8.0,0.03125,False,2.0,2.0,2.0,0.0,0.0004482269287109375,False
zero_reset,reversal,235,7.375,8.0,0.03125,False,2.0,2.0,2.0,0.0,0.00045013427734375,False
zero_reset,reversal,236,7.40625,8.0,0.03125,False,2.0,2.0,2.0,0.0,0.0004520416259765625,False
zero_reset,reversal,237,7.4375,8.0,0.03125,False,2.0,2.0,2.0,0.0,0.000453948974609375,False
zero_reset,reversal,238,7.46875,8.0,0.03125,False,2.0,2.0,2.0,0.0,0.0004558563232421875,False
zero_reset,reversal,239,7.5,8.0,0.03125,False,2.0,2.0,2.0,0.0,0.000457763671875,False
zero_reset,reversal,240,7.53125,8.0,0.03125,False,2.0,2.0,2.0,0.0,0.0004596710205078125,False
zero_reset,reversal,241,7.5625,8.0,0.03125,False,2.0,2.0,2.0,0.0,0.000461578369140625,False
zero_reset,reversal,242,7.59375,8.0,0.03125,False,2.0,2.0,2.0,0.0,0.0004634857177734375,False
zero_reset,reversal,243,7.625,8.0,0.03125,False,2.0,2.0,2.0,0.0,0.00046539306640625,False
zero_reset,reversal,244,7.65625,8.0,0.03125,False,2.0,2.0,2.0,0.0,0.0004673004150390625,False
zero_reset,reversal,245,7.6875,8.0,0.03125,False,2.0,2.0,2.0,0.0,0.000469207763671875,False
zero_reset,reversal,246,7.71875,8.0,0.03125,False,2.0,2.0,2.0,0.0,0.0004711151123046875,False
zero_reset,reversal,247,7.75,8.0,0.03125,False,2.0,2.0,2.0,0.0,0.0004730224609375,False
zero_reset,reversal,248,7.78125,8.0,0.03125,False,2.0,2.0,2.0,0.0,0.0004749298095703125,False
zero_reset,reversal,249,7.8125,8.0,0.03125,False,2.0,2.0,2.0,0.0,0.000476837158203125,False
zero_reset,reversal,250,7.84375,8.0,0.03125,False,2.0,2.0,2.0,0.0,0.0004787445068359375,False
zero_reset,reversal,251,7.875,8.0,0.03125,False,2.0,2.0,2.0,0.0,0.00048065185546875,False
zero_reset,reversal,252,7.90625,8.0,0.03125,False,2.0,2.0,2.0,0.0,0.0004825592041015625,False
zero_reset,reversal,253,7.9375,8.0,0.03125,False,2.0,2.0,2.0,0.0,0.000484466552734375,False
zero_reset,reversal,254,7.96875,8.0,0.03125,False,2.0,2.0,2.0,0.0,0.0004863739013671875,False
zero_reset,reversal,255,8.0,8.0,0.03125,False,2.0,2.0,2.0,0.0,0.00048828125,False
zero_reset,reset_precedence,0,0.0,8.0,0.0,True,0.0,0.0,0.0,0.0,0.0,False
zero_reset,reset_precedence,1,0.0625,-8.0,0.0625,True,0.0,0.0,0.0,0.0,0.0,False
zero_reset,reset_precedence,2,0.0625,0.5,0.0,False,0.0,0.0,0.0,0.0,0.0,False
zero_reset,reset_precedence,3,0.09375,1.0,0.03125,False,0.125,0.125,0.125,0.0,1.9073486328125e-06,False
zero_reset,variable_dt,0,0.0,-8.0,0.0,True,0.0,0.0,0.0,0.0,0.0,False
zero_reset,variable_dt,1,1.52587890625e-05,-4.75,1.52587890625e-05,False,-3.0517578125e-05,-3.0517578125e-05,-3.0517578125e-05,0.0,1.9073486328125e-06,False
zero_reset,variable_dt,2,0.0156402587890625,-1.5,0.015625,False,-0.031280517578125,-0.031280517578125,-0.031280517578125,0.0,3.814697265625e-06,False
zero_reset,variable_dt,3,0.0781402587890625,1.75,0.0625,False,0.218719482421875,0.218719482421875,0.218719482421875,0.0,5.7220458984375e-06,False
zero_reset,variable_dt,4,0.0781402587890625,5.0,0.0,False,0.218719482421875,0.218719482421875,0.218719482421875,0.0,5.7220458984375e-06,False
zero_reset,variable_dt,5,0.078155517578125,-8.0,1.52587890625e-05,False,0.21868896484375,0.21868896484375,0.21868896484375,0.0,7.62939453125e-06,False
zero_reset,variable_dt,6,0.093780517578125,-4.75,0.015625,False,0.18743896484375,0.18743896484375,0.18743896484375,0.0,9.5367431640625e-06,False
zero_reset,variable_dt,7,0.156280517578125,-1.5,0.0625,False,0.06243896484375,0.06243896484375,0.06243896484375,0.0,1.1444091796875e-05,False
zero_reset,variable_dt,8,0.156280517578125,1.75,0.0,False,0.06243896484375,0.06243896484375,0.06243896484375,0.0,1.1444091796875e-05,False
zero_reset,variable_dt,9,0.1562957763671875,5.0,1.52587890625e-05,False,0.0625,0.0625,0.0625,0.0,1.33514404296875e-05,False
zero_reset,variable_dt,10,0.1719207763671875,-8.0,0.015625,False,0.03125,0.03125,0.03125,0.0,1.52587890625e-05,False
zero_reset,variable_dt,11,0.2344207763671875,-4.75,0.0625,False,-0.09375,-0.09375,-0.09375,0.0,1.71661376953125e-05,False
zero_reset,variable_dt,12,0.2344207763671875,-1.5,0.0,False,-0.09375,-0.09375,-0.09375,0.0,1.71661376953125e-05,False
zero_reset,variable_dt,13,0.23443603515625,1.75,1.52587890625e-05,False,-0.09368896484375,-0.09368896484375,-0.09368896484375,0.0,1.9073486328125e-05,False
zero_reset,variable_dt,14,0.25006103515625,5.0,0.015625,False,-0.03118896484375,-0.03118896484375,-0.03118896484375,0.0,2.09808349609375e-05,False
zero_reset,variable_dt,15,0.31256103515625,-8.0,0.0625,False,-0.15618896484375,-0.15618896484375,-0.15618896484375,0.0,2.288818359375e-05,False
zero_reset,variable_dt,16,0.31256103515625,-4.75,0.0,False,-0.15618896484375,-0.15618896484375,-0.15618896484375,0.0,2.288818359375e-05,False
zero_reset,variable_dt,17,0.3125762939453125,-1.5,1.52587890625e-05,False,-0.156219482421875,-0.156219482421875,-0.156219482421875,0.0,2.47955322265625e-05,False
zero_reset,variable_dt,18,0.3282012939453125,1.75,0.015625,False,-0.093719482421875,-0.093719482421875,-0.093719482421875,0.0,2.6702880859375e-05,False
zero_reset,variable_dt,19,0.3907012939453125,5.0,0.0625,False,0.156280517578125,0.156280517578125,0.156280517578125,0.0,2.86102294921875e-05,False
zero_reset,variable_dt,20,0.3907012939453125,-8.0,0.0,False,0.156280517578125,0.156280517578125,0.156280517578125,0.0,2.86102294921875e-05,False
zero_reset,variable_dt,21,0.390716552734375,-4.75,1.52587890625e-05,False,0.15625,0.15625,0.15625,0.0,3.0517578125e-05,False
zero_reset,variable_dt,22,0.406341552734375,-1.5,0.015625,False,0.125,0.125,0.125,0.0,3.24249267578125e-05,False
zero_reset,variable_dt,23,0.468841552734375,1.75,0.0625,False,0.375,0.375,0.375,0.0,3.4332275390625e-05,False
zero_reset,variable_dt,24,0.468841552734375,5.0,0.0,False,0.375,0.375,0.375,0.0,3.4332275390625e-05,False
zero_reset,variable_dt,25,0.4688568115234375,-8.0,1.52587890625e-05,False,0.374969482421875,0.374969482421875,0.374969482421875,0.0,3.62396240234375e-05,False
zero_reset,variable_dt,26,0.4844818115234375,-4.75,0.015625,False,0.343719482421875,0.343719482421875,0.343719482421875,0.0,3.814697265625e-05,False
zero_reset,variable_dt,27,0.5469818115234375,-1.5,0.0625,False,0.218719482421875,0.218719482421875,0.218719482421875,0.0,4.00543212890625e-05,False
zero_reset,variable_dt,28,0.5469818115234375,1.75,0.0,False,0.218719482421875,0.218719482421875,0.218719482421875,0.0,4.00543212890625e-05,False
zero_reset,variable_dt,29,0.5469970703125,5.0,1.52587890625e-05,False,0.218780517578125,0.218780517578125,0.218780517578125,0.0,4.1961669921875e-05,False
zero_reset,variable_dt,30,0.5626220703125,-8.0,0.015625,False,0.187530517578125,0.187530517578125,0.187530517578125,0.0,4.38690185546875e-05,False
zero_reset,variable_dt,31,0.6251220703125,-4.75,0.0625,True,0.0,0.0,0.0,0.0,0.0,False
zero_reset,variable_dt,32,0.6251220703125,-1.5,0.0,False,0.0,0.0,0.0,0.0,0.0,False
zero_reset,variable_dt,33,0.6251373291015625,1.75,1.52587890625e-05,False,6.103515625e-05,6.103515625e-05,6.103515625e-05,0.0,1.9073486328125e-06,False
zero_reset,variable_dt,34,0.6407623291015625,5.0,0.015625,False,0.06256103515625,0.06256103515625,0.06256103515625,0.0,3.814697265625e-06,False
zero_reset,variable_dt,35,0.7032623291015625,-8.0,0.0625,False,-0.06243896484375,-0.06243896484375,-0.06243896484375,0.0,5.7220458984375e-06,False
zero_reset,variable_dt,36,0.7032623291015625,-4.75,0.0,False,-0.06243896484375,-0.06243896484375,-0.06243896484375,0.0,5.7220458984375e-06,False
zero_reset,variable_dt,37,0.703277587890625,-1.5,1.52587890625e-05,False,-0.062469482421875,-0.062469482421875,-0.062469482421875,0.0,7.62939453125e-06,False
zero_reset,variable_dt,38,0.718902587890625,1.75,0.015625,False,3.0517578125e-05,3.0517578125e-05,3.0517578125e-05,0.0,9.5367431640625e-06,False
zero_reset,variable_dt,39,0.781402587890625,5.0,0.0625,False,0.250030517578125,0.250030517578125,0.250030517578125,0.0,1.1444091796875e-05,False
zero_reset,variable_dt,40,0.781402587890625,-8.0,0.0,False,0.250030517578125,0.250030517578125,0.250030517578125,0.0,1.1444091796875e-05,False
zero_reset,variable_dt,41,0.7814178466796875,-4.75,1.52587890625e-05,False,0.25,0.25,0.25,0.0,1.33514404296875e-05,False
zero_reset,variable_dt,42,0.7970428466796875,-1.5,0.015625,False,0.21875,0.21875,0.21875,0.0,1.52587890625e-05,False
zero_reset,variable_dt,43,0.8595428466796875,1.75,0.0625,False,0.46875,0.46875,0.46875,0.0,1.71661376953125e-05,False
zero_reset,variable_dt,44,0.8595428466796875,5.0,0.0,False,0.46875,0.46875,0.46875,0.0,1.71661376953125e-05,False
zero_reset,variable_dt,45,0.85955810546875,-8.0,1.52587890625e-05,False,0.468719482421875,0.468719482421875,0.468719482421875,0.0,1.9073486328125e-05,False
zero_reset,variable_dt,46,0.87518310546875,-4.75,0.015625,False,0.437469482421875,0.437469482421875,0.437469482421875,0.0,2.09808349609375e-05,False
zero_reset,variable_dt,47,0.93768310546875,-1.5,0.0625,False,0.312469482421875,0.312469482421875,0.312469482421875,0.0,2.288818359375e-05,False
zero_reset,variable_dt,48,0.93768310546875,1.75,0.0,False,0.312469482421875,0.312469482421875,0.312469482421875,0.0,2.288818359375e-05,False
zero_reset,variable_dt,49,0.9376983642578125,5.0,1.52587890625e-05,False,0.312530517578125,0.312530517578125,0.312530517578125,0.0,2.47955322265625e-05,False
zero_reset,variable_dt,50,0.9533233642578125,-8.0,0.015625,False,0.281280517578125,0.281280517578125,0.281280517578125,0.0,2.6702880859375e-05,False
zero_reset,variable_dt,51,1.0158233642578125,-4.75,0.0625,False,0.156280517578125,0.156280517578125,0.156280517578125,0.0,2.86102294921875e-05,False
zero_reset,variable_dt,52,1.0158233642578125,-1.5,0.0,False,0.156280517578125,0.156280517578125,0.156280517578125,0.0,2.86102294921875e-05,False
zero_reset,variable_dt,53,1.015838623046875,1.75,1.52587890625e-05,False,0.156341552734375,0.156341552734375,0.156341552734375,0.0,3.0517578125e-05,False
zero_reset,variable_dt,54,1.031463623046875,5.0,0.015625,False,0.218841552734375,0.218841552734375,0.218841552734375,0.0,3.24249267578125e-05,False
zero_reset,variable_dt,55,1.093963623046875,-8.0,0.0625,False,0.093841552734375,0.093841552734375,0.093841552734375,0.0,3.4332275390625e-05,False
zero_reset,variable_dt,56,1.093963623046875,-4.75,0.0,False,0.093841552734375,0.093841552734375,0.093841552734375,0.0,3.4332275390625e-05,False
zero_reset,variable_dt,57,1.0939788818359375,-1.5,1.52587890625e-05,False,0.09381103515625,0.09381103515625,0.09381103515625,0.0,3.62396240234375e-05,False
zero_reset,variable_dt,58,1.1096038818359375,1.75,0.015625,False,0.15631103515625,0.15631103515625,0.15631103515625,0.0,3.814697265625e-05,False
zero_reset,variable_dt,59,1.1721038818359375,5.0,0.0625,False,0.40631103515625,0.40631103515625,0.40631103515625,0.0,4.00543212890625e-05,False
zero_reset,variable_dt,60,1.1721038818359375,-8.0,0.0,False,0.40631103515625,0.40631103515625,0.40631103515625,0.0,4.00543212890625e-05,False
zero_reset,variable_dt,61,1.172119140625,-4.75,1.52587890625e-05,False,0.406280517578125,0.406280517578125,0.406280517578125,0.0,4.1961669921875e-05,False
zero_reset,variable_dt,62,1.187744140625,-1.5,0.015625,True,0.0,0.0,0.0,0.0,0.0,False
zero_reset,variable_dt,63,1.250244140625,1.75,0.0625,False,0.25,0.25,0.25,0.0,1.9073486328125e-06,False
zero_reset,variable_dt,64,1.250244140625,5.0,0.0,False,0.25,0.25,0.25,0.0,1.9073486328125e-06,False
zero_reset,variable_dt,65,1.2502593994140625,-8.0,1.52587890625e-05,False,0.249969482421875,0.249969482421875,0.249969482421875,0.0,3.814697265625e-06,False
zero_reset,variable_dt,66,1.2658843994140625,-4.75,0.015625,False,0.218719482421875,0.218719482421875,0.218719482421875,0.0,5.7220458984375e-06,False
zero_reset,variable_dt,67,1.3283843994140625,-1.5,0.0625,False,0.093719482421875,0.093719482421875,0.093719482421875,0.0,7.62939453125e-06,False
zero_reset,variable_dt,68,1.3283843994140625,1.75,0.0,False,0.093719482421875,0.093719482421875,0.093719482421875,0.0,7.62939453125e-06,False
zero_reset,variable_dt,69,1.328399658203125,5.0,1.52587890625e-05,False,0.093780517578125,0.093780517578125,0.093780517578125,0.0,9.5367431640625e-06,False
zero_reset,variable_dt,70,1.344024658203125,-8.0,0.015625,False,0.062530517578125,0.062530517578125,0.062530517578125,0.0,1.1444091796875e-05,False
zero_reset,variable_dt,71,1.406524658203125,-4.75,0.0625,False,-0.062469482421875,-0.062469482421875,-0.062469482421875,0.0,1.33514404296875e-05,False
zero_reset,variable_dt,72,1.406524658203125,-1.5,0.0,False,-0.062469482421875,-0.062469482421875,-0.062469482421875,0.0,1.33514404296875e-05,False
zero_reset,variable_dt,73,1.4065399169921875,1.75,1.52587890625e-05,False,-0.062408447265625,-0.062408447265625,-0.062408447265625,0.0,1.52587890625e-05,False
zero_reset,variable_dt,74,1.4221649169921875,5.0,0.015625,False,9.1552734375e-05,9.1552734375e-05,9.1552734375e-05,0.0,1.71661376953125e-05,False
zero_reset,variable_dt,75,1.4846649169921875,-8.0,0.0625,False,-0.124908447265625,-0.124908447265625,-0.124908447265625,0.0,1.9073486328125e-05,False
zero_reset,variable_dt,76,1.4846649169921875,-4.75,0.0,False,-0.124908447265625,-0.124908447265625,-0.124908447265625,0.0,1.9073486328125e-05,False
zero_reset,variable_dt,77,1.48468017578125,-1.5,1.52587890625e-05,False,-0.12493896484375,-0.12493896484375,-0.12493896484375,0.0,2.09808349609375e-05,False
zero_reset,variable_dt,78,1.50030517578125,1.75,0.015625,False,-0.06243896484375,-0.06243896484375,-0.06243896484375,0.0,2.288818359375e-05,False
zero_reset,variable_dt,79,1.56280517578125,5.0,0.0625,False,0.18756103515625,0.18756103515625,0.18756103515625,0.0,2.47955322265625e-05,False
zero_reset,variable_dt,80,1.56280517578125,-8.0,0.0,False,0.18756103515625,0.18756103515625,0.18756103515625,0.0,2.47955322265625e-05,False
zero_reset,variable_dt,81,1.5628204345703125,-4.75,1.52587890625e-05,False,0.187530517578125,0.187530517578125,0.187530517578125,0.0,2.6702880859375e-05,False
zero_reset,variable_dt,82,1.5784454345703125,-1.5,0.015625,False,0.156280517578125,0.156280517578125,0.156280517578125,0.0,2.86102294921875e-05,False
zero_reset,variable_dt,83,1.6409454345703125,1.75,0.0625,False,0.406280517578125,0.406280517578125,0.406280517578125,0.0,3.0517578125e-05,False
zero_reset,variable_dt,84,1.6409454345703125,5.0,0.0,False,0.406280517578125,0.406280517578125,0.406280517578125,0.0,3.0517578125e-05,False
zero_reset,variable_dt,85,1.640960693359375,-8.0,1.52587890625e-05,False,0.40625,0.40625,0.40625,0.0,3.24249267578125e-05,False
zero_reset,variable_dt,86,1.656585693359375,-4.75,0.015625,False,0.375,0.375,0.375,0.0,3.4332275390625e-05,False
zero_reset,variable_dt,87,1.719085693359375,-1.5,0.0625,False,0.25,0.25,0.25,0.0,3.62396240234375e-05,False
zero_reset,variable_dt,88,1.719085693359375,1.75,0.0,False,0.25,0.25,0.25,0.0,3.62396240234375e-05,False
zero_reset,variable_dt,89,1.7191009521484375,5.0,1.52587890625e-05,False,0.25006103515625,0.25006103515625,0.25006103515625,0.0,3.814697265625e-05,False
zero_reset,variable_dt,90,1.7347259521484375,-8.0,0.015625,False,0.21881103515625,0.21881103515625,0.21881103515625,0.0,4.00543212890625e-05,False
zero_reset,variable_dt,91,1.7972259521484375,-4.75,0.0625,False,0.09381103515625,0.09381103515625,0.09381103515625,0.0,4.1961669921875e-05,False
zero_reset,variable_dt,92,1.7972259521484375,-1.5,0.0,False,0.09381103515625,0.09381103515625,0.09381103515625,0.0,4.1961669921875e-05,False
zero_reset,variable_dt,93,1.7972412109375,1.75,1.52587890625e-05,True,0.0,0.0,0.0,0.0,0.0,False
zero_reset,variable_dt,94,1.8128662109375,5.0,0.015625,False,0.0625,0.0625,0.0625,0.0,1.9073486328125e-06,False
zero_reset,variable_dt,95,1.8753662109375,-8.0,0.0625,False,-0.0625,-0.0625,-0.0625,0.0,3.814697265625e-06,False
zero_reset,variable_dt,96,1.8753662109375,-4.75,0.0,False,-0.0625,-0.0625,-0.0625,0.0,3.814697265625e-06,False
zero_reset,variable_dt,97,1.8753814697265625,-1.5,1.52587890625e-05,False,-0.062530517578125,-0.062530517578125,-0.062530517578125,0.0,5.7220458984375e-06,False
zero_reset,variable_dt,98,1.8910064697265625,1.75,0.015625,False,-3.0517578125e-05,-3.0517578125e-05,-3.0517578125e-05,0.0,7.62939453125e-06,False
zero_reset,variable_dt,99,1.9535064697265625,5.0,0.0625,False,0.249969482421875,0.249969482421875,0.249969482421875,0.0,9.5367431640625e-06,False
zero_reset,variable_dt,100,1.9535064697265625,-8.0,0.0,False,0.249969482421875,0.249969482421875,0.249969482421875,0.0,9.5367431640625e-06,False
zero_reset,variable_dt,101,1.953521728515625,-4.75,1.52587890625e-05,False,0.24993896484375,0.24993896484375,0.24993896484375,0.0,1.1444091796875e-05,False
zero_reset,variable_dt,102,1.969146728515625,-1.5,0.015625,False,0.21868896484375,0.21868896484375,0.21868896484375,0.0,1.33514404296875e-05,False
zero_reset,variable_dt,103,2.031646728515625,1.75,0.0625,False,0.46868896484375,0.46868896484375,0.46868896484375,0.0,1.52587890625e-05,False
zero_reset,variable_dt,104,2.031646728515625,5.0,0.0,False,0.46868896484375,0.46868896484375,0.46868896484375,0.0,1.52587890625e-05,False
zero_reset,variable_dt,105,2.0316619873046875,-8.0,1.52587890625e-05,False,0.468658447265625,0.468658447265625,0.468658447265625,0.0,1.71661376953125e-05,False
zero_reset,variable_dt,106,2.0472869873046875,-4.75,0.015625,False,0.437408447265625,0.437408447265625,0.437408447265625,0.0,1.9073486328125e-05,False
zero_reset,variable_dt,107,2.1097869873046875,-1.5,0.0625,False,0.312408447265625,0.312408447265625,0.312408447265625,0.0,2.09808349609375e-05,False
zero_reset,variable_dt,108,2.1097869873046875,1.75,0.0,False,0.312408447265625,0.312408447265625,0.312408447265625,0.0,2.09808349609375e-05,False
zero_reset,variable_dt,109,2.10980224609375,5.0,1.52587890625e-05,False,0.312469482421875,0.312469482421875,0.312469482421875,0.0,2.288818359375e-05,False
zero_reset,variable_dt,110,2.12542724609375,-8.0,0.015625,False,0.281219482421875,0.281219482421875,0.281219482421875,0.0,2.47955322265625e-05,False
zero_reset,variable_dt,111,2.18792724609375,-4.75,0.0625,False,0.156219482421875,0.156219482421875,0.156219482421875,0.0,2.6702880859375e-05,False
zero_reset,variable_dt,112,2.18792724609375,-1.5,0.0,False,0.156219482421875,0.156219482421875,0.156219482421875,0.0,2.6702880859375e-05,False
zero_reset,variable_dt,113,2.1879425048828125,1.75,1.52587890625e-05,False,0.156280517578125,0.156280517578125,0.156280517578125,0.0,2.86102294921875e-05,False
zero_reset,variable_dt,114,2.2035675048828125,5.0,0.015625,False,0.218780517578125,0.218780517578125,0.218780517578125,0.0,3.0517578125e-05,False
zero_reset,variable_dt,115,2.2660675048828125,-8.0,0.0625,False,0.093780517578125,0.093780517578125,0.093780517578125,0.0,3.24249267578125e-05,False
zero_reset,variable_dt,116,2.2660675048828125,-4.75,0.0,False,0.093780517578125,0.093780517578125,0.093780517578125,0.0,3.24249267578125e-05,False
zero_reset,variable_dt,117,2.266082763671875,-1.5,1.52587890625e-05,False,0.09375,0.09375,0.09375,0.0,3.4332275390625e-05,False
zero_reset,variable_dt,118,2.281707763671875,1.75,0.015625,False,0.15625,0.15625,0.15625,0.0,3.62396240234375e-05,False
zero_reset,variable_dt,119,2.344207763671875,5.0,0.0625,False,0.40625,0.40625,0.40625,0.0,3.814697265625e-05,False
zero_reset,variable_dt,120,2.344207763671875,-8.0,0.0,False,0.40625,0.40625,0.40625,0.0,3.814697265625e-05,False
zero_reset,variable_dt,121,2.3442230224609375,-4.75,1.52587890625e-05,False,0.406219482421875,0.406219482421875,0.406219482421875,0.0,4.00543212890625e-05,False
zero_reset,variable_dt,122,2.3598480224609375,-1.5,0.015625,False,0.374969482421875,0.374969482421875,0.374969482421875,0.0,4.1961669921875e-05,False
zero_reset,variable_dt,123,2.4223480224609375,1.75,0.0625,False,0.624969482421875,0.624969482421875,0.624969482421875,0.0,4.38690185546875e-05,False
zero_reset,variable_dt,124,2.4223480224609375,5.0,0.0,True,0.0,0.0,0.0,0.0,0.0,False
zero_reset,variable_dt,125,2.42236328125,-8.0,1.52587890625e-05,False,-3.0517578125e-05,-3.0517578125e-05,-3.0517578125e-05,0.0,1.9073486328125e-06,False
zero_reset,variable_dt,126,2.43798828125,-4.75,0.015625,False,-0.031280517578125,-0.031280517578125,-0.031280517578125,0.0,3.814697265625e-06,False
zero_reset,variable_dt,127,2.50048828125,-1.5,0.0625,False,-0.156280517578125,-0.156280517578125,-0.156280517578125,0.0,5.7220458984375e-06,False
zero_reset,equilibrium,0,0.03125,0.5,0.03125,False,0.5,0.5,0.5,0.0,1.9073486328125e-06,False
zero_reset,equilibrium,1,0.0625,0.5,0.03125,False,0.5,0.5,0.5,0.0,3.814697265625e-06,False
zero_reset,equilibrium,2,0.09375,0.5,0.03125,False,0.5,0.5,0.5,0.0,5.7220458984375e-06,False
zero_reset,equilibrium,3,0.125,0.5,0.03125,False,0.5,0.5,0.5,0.0,7.62939453125e-06,False
zero_reset,equilibrium,4,0.15625,0.5,0.03125,False,0.5,0.5,0.5,0.0,9.5367431640625e-06,False
zero_reset,equilibrium,5,0.1875,0.5,0.03125,False,0.5,0.5,0.5,0.0,1.1444091796875e-05,False
zero_reset,equilibrium,6,0.21875,0.5,0.03125,False,0.5,0.5,0.5,0.0,1.33514404296875e-05,False
zero_reset,equilibrium,7,0.25,0.5,0.03125,False,0.5,0.5,0.5,0.0,1.52587890625e-05,False
zero_reset,equilibrium,8,0.28125,0.5,0.03125,False,0.5,0.5,0.5,0.0,1.71661376953125e-05,False
zero_reset,equilibrium,9,0.3125,0.5,0.03125,False,0.5,0.5,0.5,0.0,1.9073486328125e-05,False
zero_reset,equilibrium,10,0.34375,0.5,0.03125,False,0.5,0.5,0.5,0.0,2.09808349609375e-05,False
zero_reset,equilibrium,11,0.375,0.5,0.03125,False,0.5,0.5,0.5,0.0,2.288818359375e-05,False
zero_reset,equilibrium,12,0.40625,0.5,0.03125,False,0.5,0.5,0.5,0.0,2.47955322265625e-05,False
zero_reset,equilibrium,13,0.4375,0.5,0.03125,False,0.5,0.5,0.5,0.0,2.6702880859375e-05,False
zero_reset,equilibrium,14,0.46875,0.5,0.03125,False,0.5,0.5,0.5,0.0,2.86102294921875e-05,False
zero_reset,equilibrium,15,0.5,0.5,0.03125,False,0.5,0.5,0.5,0.0,3.0517578125e-05,False
zero_reset,equilibrium,16,0.53125,0.5,0.03125,False,0.5,0.5,0.5,0.0,3.24249267578125e-05,False
zero_reset,equilibrium,17,0.5625,0.5,0.03125,False,0.5,0.5,0.5,0.0,3.4332275390625e-05,False
zero_reset,equilibrium,18,0.59375,0.5,0.03125,False,0.5,0.5,0.5,0.0,3.62396240234375e-05,False
zero_reset,equilibrium,19,0.625,0.5,0.03125,False,0.5,0.5,0.5,0.0,3.814697265625e-05,False
zero_reset,equilibrium,20,0.65625,0.5,0.03125,False,0.5,0.5,0.5,0.0,4.00543212890625e-05,False
zero_reset,equilibrium,21,0.6875,0.5,0.03125,False,0.5,0.5,0.5,0.0,4.1961669921875e-05,False
zero_reset,equilibrium,22,0.71875,0.5,0.03125,False,0.5,0.5,0.5,0.0,4.38690185546875e-05,False
zero_reset,equilibrium,23,0.75,0.5,0.03125,False,0.5,0.5,0.5,0.0,4.57763671875e-05,False
zero_reset,equilibrium,24,0.78125,0.5,0.03125,False,0.5,0.5,0.5,0.0,4.76837158203125e-05,False
zero_reset,equilibrium,25,0.8125,0.5,0.03125,False,0.5,0.5,0.5,0.0,4.9591064453125e-05,False
zero_reset,equilibrium,26,0.84375,0.5,0.03125,False,0.5,0.5,0.5,0.0,5.14984130859375e-05,False
zero_reset,equilibrium,27,0.875,0.5,0.03125,False,0.5,0.5,0.5,0.0,5.340576171875e-05,False
zero_reset,equilibrium,28,0.90625,0.5,0.03125,False,0.5,0.5,0.5,0.0,5.53131103515625e-05,False
zero_reset,equilibrium,29,0.9375,0.5,0.03125,False,0.5,0.5,0.5,0.0,5.7220458984375e-05,False
zero_reset,equilibrium,30,0.96875,0.5,0.03125,False,0.5,0.5,0.5,0.0,5.91278076171875e-05,False
zero_reset,equilibrium,31,1.0,0.5,0.03125,False,0.5,0.5,0.5,0.0,6.103515625e-05,False
zero_reset,near_slew_branch,0,0.03125,0.625,0.03125,False,0.125,0.125,0.125,0.0,1.9073486328125e-06,True
zero_reset,near_slew_branch,1,0.0625,0.6249999403953552,0.03125,False,0.22499998807907104,0.22499999403953552,0.22499999403953552,5.960464477539063e-09,3.814697265625e-06,False
zero_reset,near_slew_branch,2,0.09375,0.6250000596046448,0.03125,False,0.3050000023841858,0.3050000071525574,0.3050000071525574,4.76837158203125e-09,5.7220458984375e-06,False
tracking_reset,constant_unsaturated,0,0.03125,0.5,0.03125,False,0.05555555555555555,0.0555555559694767,0.0555555559694767,4.13921144273546e-10,1.9073486328125e-06,False
tracking_reset,constant_unsaturated,1,0.0625,0.5,0.03125,False,0.10493827160493827,0.10493826866149902,0.10493826866149902,2.943439248167438e-09,3.814697265625e-06,False
tracking_reset,constant_unsaturated,2,0.09375,0.5,0.03125,False,0.14883401920438957,0.1488340198993683,0.1488340198993683,6.949787113728674e-10,5.7220458984375e-06,False
tracking_reset,constant_unsaturated,3,0.125,0.5,0.03125,False,0.18785246151501295,0.18785245716571808,0.18785245716571808,4.3492948767288926e-09,7.62939453125e-06,False
tracking_reset,constant_unsaturated,4,0.15625,0.5,0.03125,False,0.22253552134667817,0.22253552079200745,0.22253552079200745,5.546707362373139e-10,9.5367431640625e-06,False
tracking_reset,constant_unsaturated,5,0.1875,0.5,0.03125,False,0.25336490786371396,0.2533649206161499,0.2533649206161499,1.2752435962320304e-08,1.1444091796875e-05,False
tracking_reset,constant_unsaturated,6,0.21875,0.5,0.03125,False,0.2807688069899679,0.28076881170272827,0.28076881170272827,4.7127603247968675e-09,1.33514404296875e-05,False
tracking_reset,constant_unsaturated,7,0.25,0.5,0.03125,False,0.30512782843552705,0.3051278293132782,0.3051278293132782,8.777511345199588e-10,1.52587890625e-05,False
tracking_reset,constant_unsaturated,8,0.28125,0.5,0.03125,False,0.3267802919426907,0.3267802894115448,0.3267802894115448,2.53114592350396e-09,1.71661376953125e-05,False
tracking_reset,constant_unsaturated,9,0.3125,0.5,0.03125,False,0.34602692617128067,0.3460269272327423,0.3460269272327423,1.0614616666292923e-09,1.9073486328125e-05,False
tracking_reset,constant_unsaturated,10,0.34375,0.5,0.03125,False,0.3631350454855828,0.36313503980636597,0.36313503980636597,5.6792168269284765e-09,2.09808349609375e-05,False
tracking_reset,constant_unsaturated,11,0.375,0.5,0.03125,False,0.37834226265385135,0.37834227085113525,0.37834227085113525,8.197283881705938e-09,2.288818359375e-05,False
tracking_reset,constant_unsaturated,12,0.40625,0.5,0.03125,False,0.39185978902564567,0.3918597996234894,0.3918597996234894,1.0597843715704757e-08,2.47955322265625e-05,False
tracking_reset,constant_unsaturated,13,0.4375,0.5,0.03125,False,0.40387536802279617,0.4038753807544708,0.4038753807544708,1.2731674679259263e-08,2.6702880859375e-05,False
tracking_reset,constant_unsaturated,14,0.46875,0.5,0.03125,False,0.4145558826869299,0.4145559072494507,0.4145559072494507,2.456252077609504e-08,2.86102294921875e-05,False
tracking_reset,constant_unsaturated,15,0.5,0.5,0.03125,False,0.42404967349949324,0.4240497052669525,0.4240497052669525,3.176745926353847e-08,3.0517578125e-05,False
tracking_reset,constant_unsaturated,16,0.53125,0.5,0.03125,False,0.43248859866621625,0.4324886202812195,0.4324886202812195,2.1615003259213016e-08,3.24249267578125e-05,False
tracking_reset,constant_unsaturated,17,0.5625,0.5,0.03125,False,0.4399898654810811,0.4399898946285248,0.4399898946285248,2.9147443692976674e-08,3.4332275390625e-05,False
tracking_reset,constant_unsaturated,18,0.59375,0.5,0.03125,False,0.44665765820540543,0.4466576874256134,0.4466576874256134,2.922020799238986e-08,3.62396240234375e-05,False
tracking_reset,constant_unsaturated,19,0.625,0.5,0.03125,False,0.4525845850714715,0.4525846242904663,0.4525846242904663,3.921899483221112e-08,3.814697265625e-05,False
tracking_reset,constant_unsaturated,20,0.65625,0.5,0.03125,False,0.45785296450797464,0.4578529894351959,0.4578529894351959,2.4927221277178115e-08,4.00543212890625e-05,False
tracking_reset,constant_unsaturated,21,0.6875,0.5,0.03125,False,0.462535968451533,0.4625359773635864,0.4625359773635864,8.912053407404854e-09,4.1961669921875e-05,False
tracking_reset,constant_unsaturated,22,0.71875,0.5,0.03125,False,0.4666986386235849,0.46669864654541016,0.46669864654541016,7.921825251026536e-09,4.38690185546875e-05,False
tracking_reset,constant_unsaturated,23,0.75,0.5,0.03125,False,0.470398789887631,0.47039878368377686,0.47039878368377686,6.203854171396551e-09,4.57763671875e-05,False
tracking_reset,constant_unsaturated,24,0.78125,0.5,0.03125,False,0.47368781323344983,0.4736877977848053,0.4736877977848053,1.5448644503806482e-08,4.76837158203125e-05,False
tracking_reset,constant_unsaturated,25,0.8125,0.5,0.03125,False,0.47661138954084425,0.4766113758087158,0.4766113758087158,1.3732128447827985e-08,4.9591064453125e-05,False
tracking_reset,constant_unsaturated,26,0.84375,0.5,0.03125,False,0.47921012403630603,0.47921010851860046,0.47921010851860046,1.551770555225769e-08,5.14984130859375e-05,False
tracking_reset,constant_unsaturated,27,0.875,0.5,0.03125,False,0.48152011025449426,0.4815200865268707,0.4815200865268707,2.372762350901638e-08,5.340576171875e-05,False
tracking_reset,constant_unsaturated,28,0.90625,0.5,0.03125,False,0.4835734313373282,0.48357340693473816,0.48357340693473816,2.4402590051091818e-08,5.53131103515625e-05,False
tracking_reset,constant_unsaturated,29,0.9375,0.5,0.03125,False,0.48539860563318066,0.4853985905647278,0.4853985905647278,1.5068452848149325e-08,5.7220458984375e-05,False
tracking_reset,constant_unsaturated,30,0.96875,0.5,0.03125,False,0.48702098278504946,0.48702096939086914,0.48702096939086914,1.3394180309466067e-08,5.91278076171875e-05,False
tracking_reset,constant_unsaturated,31,1.0,0.5,0.03125,False,0.4884630958089328,0.48846307396888733,0.48846307396888733,2.184004551542383e-08,6.103515625e-05,False
tracking_reset,constant_unsaturated,32,1.03125,0.5,0.03125,False,0.48974497405238476,0.48974496126174927,0.48974496126174927,1.2790635483111112e-08,6.29425048828125e-05,False
tracking_reset,constant_unsaturated,33,1.0625,0.5,0.03125,False,0.4908844213798976,0.4908844232559204,0.4908844232559204,1.8760228539880383e-09,6.4849853515625e-05,False
tracking_reset,constant_unsaturated,34,1.09375,0.5,0.03125,False,0.4918972634487978,0.49189725518226624,0.49189725518226624,8.266531592353514e-09,6.67572021484375e-05,False
tracking_reset,constant_unsaturated,35,1.125,0.5,0.03125,False,0.4927975675100425,0.4927975535392761,0.4927975535392761,1.3970766390468748e-08,6.866455078125e-05,False
tracking_reset,constant_unsaturated,36,1.15625,0.5,0.03125,False,0.49359783778670446,0.4935978353023529,0.4935978353023529,2.484351551184895e-09,7.05718994140625e-05,False
tracking_reset,constant_unsaturated,37,1.1875,0.5,0.03125,False,0.4943091891437373,0.4943091869354248,0.4943091869354248,2.2083124899421287e-09,7.2479248046875e-05,False
tracking_reset,constant_unsaturated,38,1.21875,0.5,0.03125,False,0.49494150146109983,0.49494150280952454,0.49494150280952454,1.3484247186842536e-09,7.43865966796875e-05,False
tracking_reset,constant_unsaturated,39,1.25,0.5,0.03125,False,0.49550355685431097,0.4955035448074341,0.4955035448074341,1.2046876866811913e-08,7.62939453125e-05,False
tracking_reset,constant_unsaturated,40,1.28125,0.5,0.03125,False,0.4960031616482764,0.4960031509399414,0.4960031509399414,1.07083349927217e-08,7.82012939453125e-05,False
tracking_reset,constant_unsaturated,41,1.3125,0.5,0.03125,False,0.4964472547984679,0.49644723534584045,0.49644723534584045,1.9452627456095504e-08,8.0108642578125e-05,False
tracking_reset,constant_unsaturated,42,1.34375,0.5,0.03125,False,0.4968420042653048,0.49684199690818787,0.49684199690818787,7.3571169428531225e-09,8.20159912109375e-05,False
tracking_reset,constant_unsaturated,43,1.375,0.5,0.03125,False,0.49719289268027095,0.4971928894519806,0.4971928894519806,3.228290350569963e-09,8.392333984375e-05,False
tracking_reset,constant_unsaturated,44,1.40625,0.5,0.03125,False,0.4975047934935742,0.4975048005580902,0.4975048005580902,7.0645160398362485e-09,8.58306884765625e-05,False
tracking_reset,constant_unsaturated,45,1.4375,0.5,0.03125,False,0.49778203866095483,0.49778205156326294,0.49778205156326294,1.2902308121564512e-08,8.7738037109375e-05,False
tracking_reset,constant_unsaturated,46,1.46875,0.5,0.03125,False,0.4980284788097376,0.4980284869670868,0.4980284869670868,8.157349176091198e-09,8.96453857421875e-05,False
tracking_reset,constant_unsaturated,47,1.5,0.5,0.03125,False,0.4982475367197668,0.49824753403663635,0.49824753403663635,2.6831304171507055e-09,9.1552734375e-05,False
tracking_reset,constant_unsaturated,48,1.53125,0.5,0.03125,False,0.49844225486201493,0.49844226241111755,0.49844226241111755,7.549102647320033e-09,9.34600830078125e-05,False
tracking_reset,constant_unsaturated,49,1.5625,0.5,0.03125,False,0.49861533765512434,0.4986153542995453,0.4986153542995453,1.6644420926849578e-08,9.5367431640625e-05,False
tracking_reset,constant_unsaturated,50,1.59375,0.5,0.03125,False,0.4987691890267772,0.49876919388771057,0.49876919388771057,4.860933361301187e-09,9.72747802734375e-05,False
tracking_reset,constant_unsaturated,51,1.625,0.5,0.03125,False,0.49890594580157976,0.4989059567451477,0.4989059567451477,1.094356796286668e-08,9.918212890625e-05,False
tracking_reset,constant_unsaturated,52,1.65625,0.5,0.03125,False,0.499027507379182,0.4990275204181671,0.4990275204181671,1.3038985121180972e-08,0.0001010894775390625,False
tracking_reset,constant_unsaturated,53,1.6875,0.5,0.03125,False,0.49913556211482846,0.4991355836391449,0.4991355836391449,2.1524316459170413e-08,0.000102996826171875,False
tracking_reset,constant_unsaturated,54,1.71875,0.5,0.03125,False,0.4992316107687364,0.49923163652420044,0.49923163652420044,2.5755464049861548e-08,0.0001049041748046875,False
tracking_reset,constant_unsaturated,55,1.75,0.5,0.03125,False,0.4993169873499879,0.4993170201778412,0.4993170201778412,3.282785328466426e-08,0.0001068115234375,False
tracking_reset,constant_unsaturated,56,1.78125,0.5,0.03125,False,0.4993928776444337,0.49939289689064026,0.49939289689064026,1.924620656824757e-08,0.0001087188720703125,False
tracking_reset,constant_unsaturated,57,1.8125,0.5,0.03125,False,0.49946033568394105,0.4994603395462036,0.4994603395462036,3.862262555022145e-09,0.000110626220703125,False
tracking_reset,constant_unsaturated,58,1.84375,0.5,0.03125,False,0.49952029838572537,0.49952030181884766,0.49952030181884766,3.4331222711307954e-09,0.0001125335693359375,False
tracking_reset,constant_unsaturated,59,1.875,0.5,0.03125,False,0.4995735985650892,0.49957358837127686,0.49957358837127686,1.019381237574832e-08,0.00011444091796875,False
tracking_reset,constant_unsaturated,60,1.90625,0.5,0.03125,False,0.49962097650230153,0.4996209740638733,0.4996209740638733,2.4384282478439935e-09,0.0001163482666015625,False
tracking_reset,constant_unsaturated,61,1.9375,0.5,0.03125,False,0.499663090224268,0.4996630847454071,0.4996630847454071,5.478860930049696e-09,0.000118255615234375,False
tracking_reset,constant_unsaturated,62,1.96875,0.5,0.03125,False,0.49970052464379383,0.49970051646232605,0.49970051646232605,8.181467758676986e-09,0.0001201629638671875,False
tracking_reset,constant_unsaturated,63,2.0,0.5,0.03125,False,0.4997337996833723,0.4997338056564331,0.4997338056564331,5.9730608312628176e-09,0.0001220703125,False
tracking_reset,positive_saturation,0,0.03125,8.0,0.03125,False,0.125,0.125,0.125,0.0,1.9073486328125e-06,False
tracking_reset,positive_saturation,1,0.0625,8.0,0.03125,False,0.25,0.25,0.25,0.0,3.814697265625e-06,False
tracking_reset,positive_saturation,2,0.09375,8.0,0.03125,False,0.375,0.375,0.375,0.0,5.7220458984375e-06,False
tracking_reset,positive_saturation,3,0.125,8.0,0.03125,False,0.5,0.5,0.5,0.0,7.62939453125e-06,False
tracking_reset,positive_saturation,4,0.15625,8.0,0.03125,False,0.625,0.625,0.625,0.0,9.5367431640625e-06,False
tracking_reset,positive_saturation,5,0.1875,8.0,0.03125,False,0.75,0.75,0.75,0.0,1.1444091796875e-05,False
tracking_reset,positive_saturation,6,0.21875,8.0,0.03125,False,0.875,0.875,0.875,0.0,1.33514404296875e-05,False
tracking_reset,positive_saturation,7,0.25,8.0,0.03125,False,1.0,1.0,1.0,0.0,1.52587890625e-05,False
tracking_reset,positive_saturation,8,0.28125,8.0,0.03125,False,1.125,1.125,1.125,0.0,1.71661376953125e-05,False
tracking_reset,positive_saturation,9,0.3125,8.0,0.03125,False,1.25,1.25,1.25,0.0,1.9073486328125e-05,False
tracking_reset,positive_saturation,10,0.34375,8.0,0.03125,False,1.375,1.375,1.375,0.0,2.09808349609375e-05,False
tracking_reset,positive_saturation,11,0.375,8.0,0.03125,False,1.5,1.5,1.5,0.0,2.288818359375e-05,False
tracking_reset,positive_saturation,12,0.40625,8.0,0.03125,False,1.625,1.625,1.625,0.0,2.47955322265625e-05,False
tracking_reset,positive_saturation,13,0.4375,8.0,0.03125,False,1.75,1.75,1.75,0.0,2.6702880859375e-05,False
tracking_reset,positive_saturation,14,0.46875,8.0,0.03125,False,1.875,1.875,1.875,0.0,2.86102294921875e-05,False
tracking_reset,positive_saturation,15,0.5,8.0,0.03125,False,2.0,2.0,2.0,0.0,3.0517578125e-05,True
tracking_reset,positive_saturation,16,0.53125,8.0,0.03125,False,2.0,2.0,2.0,0.0,3.24249267578125e-05,False
tracking_reset,positive_saturation,17,0.5625,8.0,0.03125,False,2.0,2.0,2.0,0.0,3.4332275390625e-05,False
tracking_reset,positive_saturation,18,0.59375,8.0,0.03125,False,2.0,2.0,2.0,0.0,3.62396240234375e-05,False
tracking_reset,positive_saturation,19,0.625,8.0,0.03125,False,2.0,2.0,2.0,0.0,3.814697265625e-05,False
tracking_reset,positive_saturation,20,0.65625,8.0,0.03125,False,2.0,2.0,2.0,0.0,4.00543212890625e-05,False
tracking_reset,positive_saturation,21,0.6875,8.0,0.03125,False,2.0,2.0,2.0,0.0,4.1961669921875e-05,False
tracking_reset,positive_saturation,22,0.71875,8.0,0.03125,False,2.0,2.0,2.0,0.0,4.38690185546875e-05,False
tracking_reset,positive_saturation,23,0.75,8.0,0.03125,False,2.0,2.0,2.0,0.0,4.57763671875e-05,False
tracking_reset,positive_saturation,24,0.78125,8.0,0.03125,False,2.0,2.0,2.0,0.0,4.76837158203125e-05,False
tracking_reset,positive_saturation,25,0.8125,8.0,0.03125,False,2.0,2.0,2.0,0.0,4.9591064453125e-05,False
tracking_reset,positive_saturation,26,0.84375,8.0,0.03125,False,2.0,2.0,2.0,0.0,5.14984130859375e-05,False
tracking_reset,positive_saturation,27,0.875,8.0,0.03125,False,2.0,2.0,2.0,0.0,5.340576171875e-05,False
tracking_reset,positive_saturation,28,0.90625,8.0,0.03125,False,2.0,2.0,2.0,0.0,5.53131103515625e-05,False
tracking_reset,positive_saturation,29,0.9375,8.0,0.03125,False,2.0,2.0,2.0,0.0,5.7220458984375e-05,False
tracking_reset,positive_saturation,30,0.96875,8.0,0.03125,False,2.0,2.0,2.0,0.0,5.91278076171875e-05,False
tracking_reset,positive_saturation,31,1.0,8.0,0.03125,False,2.0,2.0,2.0,0.0,6.103515625e-05,False
tracking_reset,positive_saturation,32,1.03125,8.0,0.03125,False,2.0,2.0,2.0,0.0,6.29425048828125e-05,False
tracking_reset,positive_saturation,33,1.0625,8.0,0.03125,False,2.0,2.0,2.0,0.0,6.4849853515625e-05,False
tracking_reset,positive_saturation,34,1.09375,8.0,0.03125,False,2.0,2.0,2.0,0.0,6.67572021484375e-05,False
tracking_reset,positive_saturation,35,1.125,8.0,0.03125,False,2.0,2.0,2.0,0.0,6.866455078125e-05,False
tracking_reset,positive_saturation,36,1.15625,8.0,0.03125,False,2.0,2.0,2.0,0.0,7.05718994140625e-05,False
tracking_reset,positive_saturation,37,1.1875,8.0,0.03125,False,2.0,2.0,2.0,0.0,7.2479248046875e-05,False
tracking_reset,positive_saturation,38,1.21875,8.0,0.03125,False,2.0,2.0,2.0,0.0,7.43865966796875e-05,False
tracking_reset,positive_saturation,39,1.25,8.0,0.03125,False,2.0,2.0,2.0,0.0,7.62939453125e-05,False
tracking_reset,positive_saturation,40,1.28125,8.0,0.03125,False,2.0,2.0,2.0,0.0,7.82012939453125e-05,False
tracking_reset,positive_saturation,41,1.3125,8.0,0.03125,False,2.0,2.0,2.0,0.0,8.0108642578125e-05,False
tracking_reset,positive_saturation,42,1.34375,8.0,0.03125,False,2.0,2.0,2.0,0.0,8.20159912109375e-05,False
tracking_reset,positive_saturation,43,1.375,8.0,0.03125,False,2.0,2.0,2.0,0.0,8.392333984375e-05,False
tracking_reset,positive_saturation,44,1.40625,8.0,0.03125,False,2.0,2.0,2.0,0.0,8.58306884765625e-05,False
tracking_reset,positive_saturation,45,1.4375,8.0,0.03125,False,2.0,2.0,2.0,0.0,8.7738037109375e-05,False
tracking_reset,positive_saturation,46,1.46875,8.0,0.03125,False,2.0,2.0,2.0,0.0,8.96453857421875e-05,False
tracking_reset,positive_saturation,47,1.5,8.0,0.03125,False,2.0,2.0,2.0,0.0,9.1552734375e-05,False
tracking_reset,positive_saturation,48,1.53125,8.0,0.03125,False,2.0,2.0,2.0,0.0,9.34600830078125e-05,False
tracking_reset,positive_saturation,49,1.5625,8.0,0.03125,False,2.0,2.0,2.0,0.0,9.5367431640625e-05,False
tracking_reset,positive_saturation,50,1.59375,8.0,0.03125,False,2.0,2.0,2.0,0.0,9.72747802734375e-05,False
tracking_reset,positive_saturation,51,1.625,8.0,0.03125,False,2.0,2.0,2.0,0.0,9.918212890625e-05,False
tracking_reset,positive_saturation,52,1.65625,8.0,0.03125,False,2.0,2.0,2.0,0.0,0.0001010894775390625,False
tracking_reset,positive_saturation,53,1.6875,8.0,0.03125,False,2.0,2.0,2.0,0.0,0.000102996826171875,False
tracking_reset,positive_saturation,54,1.71875,8.0,0.03125,False,2.0,2.0,2.0,0.0,0.0001049041748046875,False
tracking_reset,positive_saturation,55,1.75,8.0,0.03125,False,2.0,2.0,2.0,0.0,0.0001068115234375,False
tracking_reset,positive_saturation,56,1.78125,8.0,0.03125,False,2.0,2.0,2.0,0.0,0.0001087188720703125,False
tracking_reset,positive_saturation,57,1.8125,8.0,0.03125,False,2.0,2.0,2.0,0.0,0.000110626220703125,False
tracking_reset,positive_saturation,58,1.84375,8.0,0.03125,False,2.0,2.0,2.0,0.0,0.0001125335693359375,False
tracking_reset,positive_saturation,59,1.875,8.0,0.03125,False,2.0,2.0,2.0,0.0,0.00011444091796875,False
tracking_reset,positive_saturation,60,1.90625,8.0,0.03125,False,2.0,2.0,2.0,0.0,0.0001163482666015625,False
tracking_reset,positive_saturation,61,1.9375,8.0,0.03125,False,2.0,2.0,2.0,0.0,0.000118255615234375,False
tracking_reset,positive_saturation,62,1.96875,8.0,0.03125,False,2.0,2.0,2.0,0.0,0.0001201629638671875,False
tracking_reset,positive_saturation,63,2.0,8.0,0.03125,False,2.0,2.0,2.0,0.0,0.0001220703125,False
tracking_reset,positive_saturation,64,2.03125,8.0,0.03125,False,2.0,2.0,2.0,0.0,0.0001239776611328125,False
tracking_reset,positive_saturation,65,2.0625,8.0,0.03125,False,2.0,2.0,2.0,0.0,0.000125885009765625,False
tracking_reset,positive_saturation,66,2.09375,8.0,0.03125,False,2.0,2.0,2.0,0.0,0.0001277923583984375,False
tracking_reset,positive_saturation,67,2.125,8.0,0.03125,False,2.0,2.0,2.0,0.0,0.00012969970703125,False
tracking_reset,positive_saturation,68,2.15625,8.0,0.03125,False,2.0,2.0,2.0,0.0,0.0001316070556640625,False
tracking_reset,positive_saturation,69,2.1875,8.0,0.03125,False,2.0,2.0,2.0,0.0,0.000133514404296875,False
tracking_reset,positive_saturation,70,2.21875,8.0,0.03125,False,2.0,2.0,2.0,0.0,0.0001354217529296875,False
tracking_reset,positive_saturation,71,2.25,8.0,0.03125,False,2.0,2.0,2.0,0.0,0.0001373291015625,False
tracking_reset,positive_saturation,72,2.28125,8.0,0.03125,False,2.0,2.0,2.0,0.0,0.0001392364501953125,False
tracking_reset,positive_saturation,73,2.3125,8.0,0.03125,False,2.0,2.0,2.0,0.0,0.000141143798828125,False
tracking_reset,positive_saturation,74,2.34375,8.0,0.03125,False,2.0,2.0,2.0,0.0,0.0001430511474609375,False
tracking_reset,positive_saturation,75,2.375,8.0,0.03125,False,2.0,2.0,2.0,0.0,0.00014495849609375,False
tracking_reset,positive_saturation,76,2.40625,8.0,0.03125,False,2.0,2.0,2.0,0.0,0.0001468658447265625,False
tracking_reset,positive_saturation,77,2.4375,8.0,0.03125,False,2.0,2.0,2.0,0.0,0.000148773193359375,False
tracking_reset,positive_saturation,78,2.46875,8.0,0.03125,False,2.0,2.0,2.0,0.0,0.0001506805419921875,False
tracking_reset,positive_saturation,79,2.5,8.0,0.03125,False,2.0,2.0,2.0,0.0,0.000152587890625,False
tracking_reset,positive_saturation,80,2.53125,8.0,0.03125,False,2.0,2.0,2.0,0.0,0.0001544952392578125,False
tracking_reset,positive_saturation,81,2.5625,8.0,0.03125,False,2.0,2.0,2.0,0.0,0.000156402587890625,False
tracking_reset,positive_saturation,82,2.59375,8.0,0.03125,False,2.0,2.0,2.0,0.0,0.0001583099365234375,False
tracking_reset,positive_saturation,83,2.625,8.0,0.03125,False,2.0,2.0,2.0,0.0,0.00016021728515625,False
tracking_reset,positive_saturation,84,2.65625,8.0,0.03125,False,2.0,2.0,2.0,0.0,0.0001621246337890625,False
tracking_reset,positive_saturation,85,2.6875,8.0,0.03125,False,2.0,2.0,2.0,0.0,0.000164031982421875,False
tracking_reset,positive_saturation,86,2.71875,8.0,0.03125,False,2.0,2.0,2.0,0.0,0.0001659393310546875,False
tracking_reset,positive_saturation,87,2.75,8.0,0.03125,False,2.0,2.0,2.0,0.0,0.0001678466796875,False
tracking_reset,positive_saturation,88,2.78125,8.0,0.03125,False,2.0,2.0,2.0,0.0,0.0001697540283203125,False
tracking_reset,positive_saturation,89,2.8125,8.0,0.03125,False,2.0,2.0,2.0,0.0,0.000171661376953125,False
tracking_reset,positive_saturation,90,2.84375,8.0,0.03125,False,2.0,2.0,2.0,0.0,0.0001735687255859375,False
tracking_reset,positive_saturation,91,2.875,8.0,0.03125,False,2.0,2.0,2.0,0.0,0.00017547607421875,False
tracking_reset,positive_saturation,92,2.90625,8.0,0.03125,False,2.0,2.0,2.0,0.0,0.0001773834228515625,False
tracking_reset,positive_saturation,93,2.9375,8.0,0.03125,False,2.0,2.0,2.0,0.0,0.000179290771484375,False
tracking_reset,positive_saturation,94,2.96875,8.0,0.03125,False,2.0,2.0,2.0,0.0,0.0001811981201171875,False
tracking_reset,positive_saturation,95,3.0,8.0,0.03125,False,2.0,2.0,2.0,0.0,0.00018310546875,False
tracking_reset,positive_saturation,96,3.03125,8.0,0.03125,False,2.0,2.0,2.0,0.0,0.0001850128173828125,False
tracking_reset,positive_saturation,97,3.0625,8.0,0.03125,False,2.0,2.0,2.0,0.0,0.000186920166015625,False
tracking_reset,positive_saturation,98,3.09375,8.0,0.03125,False,2.0,2.0,2.0,0.0,0.0001888275146484375,False
tracking_reset,positive_saturation,99,3.125,8.0,0.03125,False,2.0,2.0,2.0,0.0,0.00019073486328125,False
tracking_reset,positive_saturation,100,3.15625,8.0,0.03125,False,2.0,2.0,2.0,0.0,0.0001926422119140625,False
tracking_reset,positive_saturation,101,3.1875,8.0,0.03125,False,2.0,2.0,2.0,0.0,0.000194549560546875,False
tracking_reset,positive_saturation,102,3.21875,8.0,0.03125,False,2.0,2.0,2.0,0.0,0.0001964569091796875,False
tracking_reset,positive_saturation,103,3.25,8.0,0.03125,False,2.0,2.0,2.0,0.0,0.0001983642578125,False
tracking_reset,positive_saturation,104,3.28125,8.0,0.03125,False,2.0,2.0,2.0,0.0,0.0002002716064453125,False
tracking_reset,positive_saturation,105,3.3125,8.0,0.03125,False,2.0,2.0,2.0,0.0,0.000202178955078125,False
tracking_reset,positive_saturation,106,3.34375,8.0,0.03125,False,2.0,2.0,2.0,0.0,0.0002040863037109375,False
tracking_reset,positive_saturation,107,3.375,8.0,0.03125,False,2.0,2.0,2.0,0.0,0.00020599365234375,False
tracking_reset,positive_saturation,108,3.40625,8.0,0.03125,False,2.0,2.0,2.0,0.0,0.0002079010009765625,False
tracking_reset,positive_saturation,109,3.4375,8.0,0.03125,False,2.0,2.0,2.0,0.0,0.000209808349609375,False
tracking_reset,positive_saturation,110,3.46875,8.0,0.03125,False,2.0,2.0,2.0,0.0,0.0002117156982421875,False
tracking_reset,positive_saturation,111,3.5,8.0,0.03125,False,2.0,2.0,2.0,0.0,0.000213623046875,False
tracking_reset,positive_saturation,112,3.53125,8.0,0.03125,False,2.0,2.0,2.0,0.0,0.0002155303955078125,False
tracking_reset,positive_saturation,113,3.5625,8.0,0.03125,False,2.0,2.0,2.0,0.0,0.000217437744140625,False
tracking_reset,positive_saturation,114,3.59375,8.0,0.03125,False,2.0,2.0,2.0,0.0,0.0002193450927734375,False
tracking_reset,positive_saturation,115,3.625,8.0,0.03125,False,2.0,2.0,2.0,0.0,0.00022125244140625,False
tracking_reset,positive_saturation,116,3.65625,8.0,0.03125,False,2.0,2.0,2.0,0.0,0.0002231597900390625,False
tracking_reset,positive_saturation,117,3.6875,8.0,0.03125,False,2.0,2.0,2.0,0.0,0.000225067138671875,False
tracking_reset,positive_saturation,118,3.71875,8.0,0.03125,False,2.0,2.0,2.0,0.0,0.0002269744873046875,False
tracking_reset,positive_saturation,119,3.75,8.0,0.03125,False,2.0,2.0,2.0,0.0,0.0002288818359375,False
tracking_reset,positive_saturation,120,3.78125,8.0,0.03125,False,2.0,2.0,2.0,0.0,0.0002307891845703125,False
tracking_reset,positive_saturation,121,3.8125,8.0,0.03125,False,2.0,2.0,2.0,0.0,0.000232696533203125,False
tracking_reset,positive_saturation,122,3.84375,8.0,0.03125,False,2.0,2.0,2.0,0.0,0.0002346038818359375,False
tracking_reset,positive_saturation,123,3.875,8.0,0.03125,False,2.0,2.0,2.0,0.0,0.00023651123046875,False
tracking_reset,positive_saturation,124,3.90625,8.0,0.03125,False,2.0,2.0,2.0,0.0,0.0002384185791015625,False
tracking_reset,positive_saturation,125,3.9375,8.0,0.03125,False,2.0,2.0,2.0,0.0,0.000240325927734375,False
tracking_reset,positive_saturation,126,3.96875,8.0,0.03125,False,2.0,2.0,2.0,0.0,0.0002422332763671875,False
tracking_reset,positive_saturation,127,4.0,8.0,0.03125,False,2.0,2.0,2.0,0.0,0.000244140625,False
tracking_reset,negative_saturation,0,0.03125,-8.0,0.03125,False,-0.0625,-0.0625,-0.0625,0.0,1.9073486328125e-06,False
tracking_reset,negative_saturation,1,0.0625,-8.0,0.03125,False,-0.125,-0.125,-0.125,0.0,3.814697265625e-06,False
tracking_reset,negative_saturation,2,0.09375,-8.0,0.03125,False,-0.1875,-0.1875,-0.1875,0.0,5.7220458984375e-06,False
tracking_reset,negative_saturation,3,0.125,-8.0,0.03125,False,-0.25,-0.25,-0.25,0.0,7.62939453125e-06,False
tracking_reset,negative_saturation,4,0.15625,-8.0,0.03125,False,-0.3125,-0.3125,-0.3125,0.0,9.5367431640625e-06,False
tracking_reset,negative_saturation,5,0.1875,-8.0,0.03125,False,-0.375,-0.375,-0.375,0.0,1.1444091796875e-05,False
tracking_reset,negative_saturation,6,0.21875,-8.0,0.03125,False,-0.4375,-0.4375,-0.4375,0.0,1.33514404296875e-05,False
tracking_reset,negative_saturation,7,0.25,-8.0,0.03125,False,-0.5,-0.5,-0.5,0.0,1.52587890625e-05,False
tracking_reset,negative_saturation,8,0.28125,-8.0,0.03125,False,-0.5625,-0.5625,-0.5625,0.0,1.71661376953125e-05,False
tracking_reset,negative_saturation,9,0.3125,-8.0,0.03125,False,-0.625,-0.625,-0.625,0.0,1.9073486328125e-05,False
tracking_reset,negative_saturation,10,0.34375,-8.0,0.03125,False,-0.6875,-0.6875,-0.6875,0.0,2.09808349609375e-05,False
tracking_reset,negative_saturation,11,0.375,-8.0,0.03125,False,-0.75,-0.75,-0.75,0.0,2.288818359375e-05,False
tracking_reset,negative_saturation,12,0.40625,-8.0,0.03125,False,-0.8125,-0.8125,-0.8125,0.0,2.47955322265625e-05,False
tracking_reset,negative_saturation,13,0.4375,-8.0,0.03125,False,-0.875,-0.875,-0.875,0.0,2.6702880859375e-05,False
tracking_reset,negative_saturation,14,0.46875,-8.0,0.03125,False,-0.9375,-0.9375,-0.9375,0.0,2.86102294921875e-05,False
tracking_reset,negative_saturation,15,0.5,-8.0,0.03125,False,-1.0,-1.0,-1.0,0.0,3.0517578125e-05,False
tracking_reset,negative_saturation,16,0.53125,-8.0,0.03125,False,-1.0625,-1.0625,-1.0625,0.0,3.24249267578125e-05,False
tracking_reset,negative_saturation,17,0.5625,-8.0,0.03125,False,-1.125,-1.125,-1.125,0.0,3.4332275390625e-05,False
tracking_reset,negative_saturation,18,0.59375,-8.0,0.03125,False,-1.1875,-1.1875,-1.1875,0.0,3.62396240234375e-05,False
tracking_reset,negative_saturation,19,0.625,-8.0,0.03125,False,-1.25,-1.25,-1.25,0.0,3.814697265625e-05,False
tracking_reset,negative_saturation,20,0.65625,-8.0,0.03125,False,-1.3125,-1.3125,-1.3125,0.0,4.00543212890625e-05,False
tracking_reset,negative_saturation,21,0.6875,-8.0,0.03125,False,-1.375,-1.375,-1.375,0.0,4.1961669921875e-05,False
tracking_reset,negative_saturation,22,0.71875,-8.0,0.03125,False,-1.4375,-1.4375,-1.4375,0.0,4.38690185546875e-05,False
tracking_reset,negative_saturation,23,0.75,-8.0,0.03125,False,-1.5,-1.5,-1.5,0.0,4.57763671875e-05,False
tracking_reset,negative_saturation,24,0.78125,-8.0,0.03125,False,-1.5625,-1.5625,-1.5625,0.0,4.76837158203125e-05,False
tracking_reset,negative_saturation,25,0.8125,-8.0,0.03125,False,-1.625,-1.625,-1.625,0.0,4.9591064453125e-05,False
tracking_reset,negative_saturation,26,0.84375,-8.0,0.03125,False,-1.6875,-1.6875,-1.6875,0.0,5.14984130859375e-05,False
tracking_reset,negative_saturation,27,0.875,-8.0,0.03125,False,-1.75,-1.75,-1.75,0.0,5.340576171875e-05,False
tracking_reset,negative_saturation,28,0.90625,-8.0,0.03125,False,-1.8125,-1.8125,-1.8125,0.0,5.53131103515625e-05,False
tracking_reset,negative_saturation,29,0.9375,-8.0,0.03125,False,-1.875,-1.875,-1.875,0.0,5.7220458984375e-05,False
tracking_reset,negative_saturation,30,0.96875,-8.0,0.03125,False,-1.9375,-1.9375,-1.9375,0.0,5.91278076171875e-05,False
tracking_reset,negative_saturation,31,1.0,-8.0,0.03125,False,-2.0,-2.0,-2.0,0.0,6.103515625e-05,True
tracking_reset,negative_saturation,32,1.03125,-8.0,0.03125,False,-2.0,-2.0,-2.0,0.0,6.29425048828125e-05,False
tracking_reset,negative_saturation,33,1.0625,-8.0,0.03125,False,-2.0,-2.0,-2.0,0.0,6.4849853515625e-05,False
tracking_reset,negative_saturation,34,1.09375,-8.0,0.03125,False,-2.0,-2.0,-2.0,0.0,6.67572021484375e-05,False
tracking_reset,negative_saturation,35,1.125,-8.0,0.03125,False,-2.0,-2.0,-2.0,0.0,6.866455078125e-05,False
tracking_reset,negative_saturation,36,1.15625,-8.0,0.03125,False,-2.0,-2.0,-2.0,0.0,7.05718994140625e-05,False
tracking_reset,negative_saturation,37,1.1875,-8.0,0.03125,False,-2.0,-2.0,-2.0,0.0,7.2479248046875e-05,False
tracking_reset,negative_saturation,38,1.21875,-8.0,0.03125,False,-2.0,-2.0,-2.0,0.0,7.43865966796875e-05,False
tracking_reset,negative_saturation,39,1.25,-8.0,0.03125,False,-2.0,-2.0,-2.0,0.0,7.62939453125e-05,False
tracking_reset,negative_saturation,40,1.28125,-8.0,0.03125,False,-2.0,-2.0,-2.0,0.0,7.82012939453125e-05,False
tracking_reset,negative_saturation,41,1.3125,-8.0,0.03125,False,-2.0,-2.0,-2.0,0.0,8.0108642578125e-05,False
tracking_reset,negative_saturation,42,1.34375,-8.0,0.03125,False,-2.0,-2.0,-2.0,0.0,8.20159912109375e-05,False
tracking_reset,negative_saturation,43,1.375,-8.0,0.03125,False,-2.0,-2.0,-2.0,0.0,8.392333984375e-05,False
tracking_reset,negative_saturation,44,1.40625,-8.0,0.03125,False,-2.0,-2.0,-2.0,0.0,8.58306884765625e-05,False
tracking_reset,negative_saturation,45,1.4375,-8.0,0.03125,False,-2.0,-2.0,-2.0,0.0,8.7738037109375e-05,False
tracking_reset,negative_saturation,46,1.46875,-8.0,0.03125,False,-2.0,-2.0,-2.0,0.0,8.96453857421875e-05,False
tracking_reset,negative_saturation,47,1.5,-8.0,0.03125,False,-2.0,-2.0,-2.0,0.0,9.1552734375e-05,False
tracking_reset,negative_saturation,48,1.53125,-8.0,0.03125,False,-2.0,-2.0,-2.0,0.0,9.34600830078125e-05,False
tracking_reset,negative_saturation,49,1.5625,-8.0,0.03125,False,-2.0,-2.0,-2.0,0.0,9.5367431640625e-05,False
tracking_reset,negative_saturation,50,1.59375,-8.0,0.03125,False,-2.0,-2.0,-2.0,0.0,9.72747802734375e-05,False
tracking_reset,negative_saturation,51,1.625,-8.0,0.03125,False,-2.0,-2.0,-2.0,0.0,9.918212890625e-05,False
tracking_reset,negative_saturation,52,1.65625,-8.0,0.03125,False,-2.0,-2.0,-2.0,0.0,0.0001010894775390625,False
tracking_reset,negative_saturation,53,1.6875,-8.0,0.03125,False,-2.0,-2.0,-2.0,0.0,0.000102996826171875,False
tracking_reset,negative_saturation,54,1.71875,-8.0,0.03125,False,-2.0,-2.0,-2.0,0.0,0.0001049041748046875,False
tracking_reset,negative_saturation,55,1.75,-8.0,0.03125,False,-2.0,-2.0,-2.0,0.0,0.0001068115234375,False
tracking_reset,negative_saturation,56,1.78125,-8.0,0.03125,False,-2.0,-2.0,-2.0,0.0,0.0001087188720703125,False
tracking_reset,negative_saturation,57,1.8125,-8.0,0.03125,False,-2.0,-2.0,-2.0,0.0,0.000110626220703125,False
tracking_reset,negative_saturation,58,1.84375,-8.0,0.03125,False,-2.0,-2.0,-2.0,0.0,0.0001125335693359375,False
tracking_reset,negative_saturation,59,1.875,-8.0,0.03125,False,-2.0,-2.0,-2.0,0.0,0.00011444091796875,False
tracking_reset,negative_saturation,60,1.90625,-8.0,0.03125,False,-2.0,-2.0,-2.0,0.0,0.0001163482666015625,False
tracking_reset,negative_saturation,61,1.9375,-8.0,0.03125,False,-2.0,-2.0,-2.0,0.0,0.000118255615234375,False
tracking_reset,negative_saturation,62,1.96875,-8.0,0.03125,False,-2.0,-2.0,-2.0,0.0,0.0001201629638671875,False
tracking_reset,negative_saturation,63,2.0,-8.0,0.03125,False,-2.0,-2.0,-2.0,0.0,0.0001220703125,False
tracking_reset,negative_saturation,64,2.03125,-8.0,0.03125,False,-2.0,-2.0,-2.0,0.0,0.0001239776611328125,False
tracking_reset,negative_saturation,65,2.0625,-8.0,0.03125,False,-2.0,-2.0,-2.0,0.0,0.000125885009765625,False
tracking_reset,negative_saturation,66,2.09375,-8.0,0.03125,False,-2.0,-2.0,-2.0,0.0,0.0001277923583984375,False
tracking_reset,negative_saturation,67,2.125,-8.0,0.03125,False,-2.0,-2.0,-2.0,0.0,0.00012969970703125,False
tracking_reset,negative_saturation,68,2.15625,-8.0,0.03125,False,-2.0,-2.0,-2.0,0.0,0.0001316070556640625,False
tracking_reset,negative_saturation,69,2.1875,-8.0,0.03125,False,-2.0,-2.0,-2.0,0.0,0.000133514404296875,False
tracking_reset,negative_saturation,70,2.21875,-8.0,0.03125,False,-2.0,-2.0,-2.0,0.0,0.0001354217529296875,False
tracking_reset,negative_saturation,71,2.25,-8.0,0.03125,False,-2.0,-2.0,-2.0,0.0,0.0001373291015625,False
tracking_reset,negative_saturation,72,2.28125,-8.0,0.03125,False,-2.0,-2.0,-2.0,0.0,0.0001392364501953125,False
tracking_reset,negative_saturation,73,2.3125,-8.0,0.03125,False,-2.0,-2.0,-2.0,0.0,0.000141143798828125,False
tracking_reset,negative_saturation,74,2.34375,-8.0,0.03125,False,-2.0,-2.0,-2.0,0.0,0.0001430511474609375,False
tracking_reset,negative_saturation,75,2.375,-8.0,0.03125,False,-2.0,-2.0,-2.0,0.0,0.00014495849609375,False
tracking_reset,negative_saturation,76,2.40625,-8.0,0.03125,False,-2.0,-2.0,-2.0,0.0,0.0001468658447265625,False
tracking_reset,negative_saturation,77,2.4375,-8.0,0.03125,False,-2.0,-2.0,-2.0,0.0,0.000148773193359375,False
tracking_reset,negative_saturation,78,2.46875,-8.0,0.03125,False,-2.0,-2.0,-2.0,0.0,0.0001506805419921875,False
tracking_reset,negative_saturation,79,2.5,-8.0,0.03125,False,-2.0,-2.0,-2.0,0.0,0.000152587890625,False
tracking_reset,negative_saturation,80,2.53125,-8.0,0.03125,False,-2.0,-2.0,-2.0,0.0,0.0001544952392578125,False
tracking_reset,negative_saturation,81,2.5625,-8.0,0.03125,False,-2.0,-2.0,-2.0,0.0,0.000156402587890625,False
tracking_reset,negative_saturation,82,2.59375,-8.0,0.03125,False,-2.0,-2.0,-2.0,0.0,0.0001583099365234375,False
tracking_reset,negative_saturation,83,2.625,-8.0,0.03125,False,-2.0,-2.0,-2.0,0.0,0.00016021728515625,False
tracking_reset,negative_saturation,84,2.65625,-8.0,0.03125,False,-2.0,-2.0,-2.0,0.0,0.0001621246337890625,False
tracking_reset,negative_saturation,85,2.6875,-8.0,0.03125,False,-2.0,-2.0,-2.0,0.0,0.000164031982421875,False
tracking_reset,negative_saturation,86,2.71875,-8.0,0.03125,False,-2.0,-2.0,-2.0,0.0,0.0001659393310546875,False
tracking_reset,negative_saturation,87,2.75,-8.0,0.03125,False,-2.0,-2.0,-2.0,0.0,0.0001678466796875,False
tracking_reset,negative_saturation,88,2.78125,-8.0,0.03125,False,-2.0,-2.0,-2.0,0.0,0.0001697540283203125,False
tracking_reset,negative_saturation,89,2.8125,-8.0,0.03125,False,-2.0,-2.0,-2.0,0.0,0.000171661376953125,False
tracking_reset,negative_saturation,90,2.84375,-8.0,0.03125,False,-2.0,-2.0,-2.0,0.0,0.0001735687255859375,False
tracking_reset,negative_saturation,91,2.875,-8.0,0.03125,False,-2.0,-2.0,-2.0,0.0,0.00017547607421875,False
tracking_reset,negative_saturation,92,2.90625,-8.0,0.03125,False,-2.0,-2.0,-2.0,0.0,0.0001773834228515625,False
tracking_reset,negative_saturation,93,2.9375,-8.0,0.03125,False,-2.0,-2.0,-2.0,0.0,0.000179290771484375,False
tracking_reset,negative_saturation,94,2.96875,-8.0,0.03125,False,-2.0,-2.0,-2.0,0.0,0.0001811981201171875,False
tracking_reset,negative_saturation,95,3.0,-8.0,0.03125,False,-2.0,-2.0,-2.0,0.0,0.00018310546875,False
tracking_reset,negative_saturation,96,3.03125,-8.0,0.03125,False,-2.0,-2.0,-2.0,0.0,0.0001850128173828125,False
tracking_reset,negative_saturation,97,3.0625,-8.0,0.03125,False,-2.0,-2.0,-2.0,0.0,0.000186920166015625,False
tracking_reset,negative_saturation,98,3.09375,-8.0,0.03125,False,-2.0,-2.0,-2.0,0.0,0.0001888275146484375,False
tracking_reset,negative_saturation,99,3.125,-8.0,0.03125,False,-2.0,-2.0,-2.0,0.0,0.00019073486328125,False
tracking_reset,negative_saturation,100,3.15625,-8.0,0.03125,False,-2.0,-2.0,-2.0,0.0,0.0001926422119140625,False
tracking_reset,negative_saturation,101,3.1875,-8.0,0.03125,False,-2.0,-2.0,-2.0,0.0,0.000194549560546875,False
tracking_reset,negative_saturation,102,3.21875,-8.0,0.03125,False,-2.0,-2.0,-2.0,0.0,0.0001964569091796875,False
tracking_reset,negative_saturation,103,3.25,-8.0,0.03125,False,-2.0,-2.0,-2.0,0.0,0.0001983642578125,False
tracking_reset,negative_saturation,104,3.28125,-8.0,0.03125,False,-2.0,-2.0,-2.0,0.0,0.0002002716064453125,False
tracking_reset,negative_saturation,105,3.3125,-8.0,0.03125,False,-2.0,-2.0,-2.0,0.0,0.000202178955078125,False
tracking_reset,negative_saturation,106,3.34375,-8.0,0.03125,False,-2.0,-2.0,-2.0,0.0,0.0002040863037109375,False
tracking_reset,negative_saturation,107,3.375,-8.0,0.03125,False,-2.0,-2.0,-2.0,0.0,0.00020599365234375,False
tracking_reset,negative_saturation,108,3.40625,-8.0,0.03125,False,-2.0,-2.0,-2.0,0.0,0.0002079010009765625,False
tracking_reset,negative_saturation,109,3.4375,-8.0,0.03125,False,-2.0,-2.0,-2.0,0.0,0.000209808349609375,False
tracking_reset,negative_saturation,110,3.46875,-8.0,0.03125,False,-2.0,-2.0,-2.0,0.0,0.0002117156982421875,False
tracking_reset,negative_saturation,111,3.5,-8.0,0.03125,False,-2.0,-2.0,-2.0,0.0,0.000213623046875,False
tracking_reset,negative_saturation,112,3.53125,-8.0,0.03125,False,-2.0,-2.0,-2.0,0.0,0.0002155303955078125,False
tracking_reset,negative_saturation,113,3.5625,-8.0,0.03125,False,-2.0,-2.0,-2.0,0.0,0.000217437744140625,False
tracking_reset,negative_saturation,114,3.59375,-8.0,0.03125,False,-2.0,-2.0,-2.0,0.0,0.0002193450927734375,False
tracking_reset,negative_saturation,115,3.625,-8.0,0.03125,False,-2.0,-2.0,-2.0,0.0,0.00022125244140625,False
tracking_reset,negative_saturation,116,3.65625,-8.0,0.03125,False,-2.0,-2.0,-2.0,0.0,0.0002231597900390625,False
tracking_reset,negative_saturation,117,3.6875,-8.0,0.03125,False,-2.0,-2.0,-2.0,0.0,0.000225067138671875,False
tracking_reset,negative_saturation,118,3.71875,-8.0,0.03125,False,-2.0,-2.0,-2.0,0.0,0.0002269744873046875,False
tracking_reset,negative_saturation,119,3.75,-8.0,0.03125,False,-2.0,-2.0,-2.0,0.0,0.0002288818359375,False
tracking_reset,negative_saturation,120,3.78125,-8.0,0.03125,False,-2.0,-2.0,-2.0,0.0,0.0002307891845703125,False
tracking_reset,negative_saturation,121,3.8125,-8.0,0.03125,False,-2.0,-2.0,-2.0,0.0,0.000232696533203125,False
tracking_reset,negative_saturation,122,3.84375,-8.0,0.03125,False,-2.0,-2.0,-2.0,0.0,0.0002346038818359375,False
tracking_reset,negative_saturation,123,3.875,-8.0,0.03125,False,-2.0,-2.0,-2.0,0.0,0.00023651123046875,False
tracking_reset,negative_saturation,124,3.90625,-8.0,0.03125,False,-2.0,-2.0,-2.0,0.0,0.0002384185791015625,False
tracking_reset,negative_saturation,125,3.9375,-8.0,0.03125,False,-2.0,-2.0,-2.0,0.0,0.000240325927734375,False
tracking_reset,negative_saturation,126,3.96875,-8.0,0.03125,False,-2.0,-2.0,-2.0,0.0,0.0002422332763671875,False
tracking_reset,negative_saturation,127,4.0,-8.0,0.03125,False,-2.0,-2.0,-2.0,0.0,0.000244140625,False
tracking_reset,reversal,0,0.03125,-8.0,0.03125,False,1.9375,1.9375,1.9375,0.0,1.9073486328125e-06,False
tracking_reset,reversal,1,0.0625,-8.0,0.03125,False,1.875,1.875,1.875,0.0,3.814697265625e-06,False
tracking_reset,reversal,2,0.09375,-8.0,0.03125,False,1.8125,1.8125,1.8125,0.0,5.7220458984375e-06,False
tracking_reset,reversal,3,0.125,-8.0,0.03125,False,1.75,1.75,1.75,0.0,7.62939453125e-06,False
tracking_reset,reversal,4,0.15625,-8.0,0.03125,False,1.6875,1.6875,1.6875,0.0,9.5367431640625e-06,False
tracking_reset,reversal,5,0.1875,-8.0,0.03125,False,1.625,1.625,1.625,0.0,1.1444091796875e-05,False
tracking_reset,reversal,6,0.21875,-8.0,0.03125,False,1.5625,1.5625,1.5625,0.0,1.33514404296875e-05,False
tracking_reset,reversal,7,0.25,-8.0,0.03125,False,1.5,1.5,1.5,0.0,1.52587890625e-05,False
tracking_reset,reversal,8,0.28125,-8.0,0.03125,False,1.4375,1.4375,1.4375,0.0,1.71661376953125e-05,False
tracking_reset,reversal,9,0.3125,-8.0,0.03125,False,1.375,1.375,1.375,0.0,1.9073486328125e-05,False
tracking_reset,reversal,10,0.34375,-8.0,0.03125,False,1.3125,1.3125,1.3125,0.0,2.09808349609375e-05,False
tracking_reset,reversal,11,0.375,-8.0,0.03125,False,1.25,1.25,1.25,0.0,2.288818359375e-05,False
tracking_reset,reversal,12,0.40625,-8.0,0.03125,False,1.1875,1.1875,1.1875,0.0,2.47955322265625e-05,False
tracking_reset,reversal,13,0.4375,-8.0,0.03125,False,1.125,1.125,1.125,0.0,2.6702880859375e-05,False
tracking_reset,reversal,14,0.46875,-8.0,0.03125,False,1.0625,1.0625,1.0625,0.0,2.86102294921875e-05,False
tracking_reset,reversal,15,0.5,-8.0,0.03125,False,1.0,1.0,1.0,0.0,3.0517578125e-05,False
tracking_reset,reversal,16,0.53125,-8.0,0.03125,False,0.9375,0.9375,0.9375,0.0,3.24249267578125e-05,False
tracking_reset,reversal,17,0.5625,-8.0,0.03125,False,0.875,0.875,0.875,0.0,3.4332275390625e-05,False
tracking_reset,reversal,18,0.59375,-8.0,0.03125,False,0.8125,0.8125,0.8125,0.0,3.62396240234375e-05,False
tracking_reset,reversal,19,0.625,-8.0,0.03125,False,0.75,0.75,0.75,0.0,3.814697265625e-05,False
tracking_reset,reversal,20,0.65625,-8.0,0.03125,False,0.6875,0.6875,0.6875,0.0,4.00543212890625e-05,False
tracking_reset,reversal,21,0.6875,-8.0,0.03125,False,0.625,0.625,0.625,0.0,4.1961669921875e-05,False
tracking_reset,reversal,22,0.71875,-8.0,0.03125,False,0.5625,0.5625,0.5625,0.0,4.38690185546875e-05,False
tracking_reset,reversal,23,0.75,-8.0,0.03125,False,0.5,0.5,0.5,0.0,4.57763671875e-05,False
tracking_reset,reversal,24,0.78125,-8.0,0.03125,False,0.4375,0.4375,0.4375,0.0,4.76837158203125e-05,False
tracking_reset,reversal,25,0.8125,-8.0,0.03125,False,0.375,0.375,0.375,0.0,4.9591064453125e-05,False
tracking_reset,reversal,26,0.84375,-8.0,0.03125,False,0.3125,0.3125,0.3125,0.0,5.14984130859375e-05,False
tracking_reset,reversal,27,0.875,-8.0,0.03125,False,0.25,0.25,0.25,0.0,5.340576171875e-05,False
tracking_reset,reversal,28,0.90625,-8.0,0.03125,False,0.1875,0.1875,0.1875,0.0,5.53131103515625e-05,False
tracking_reset,reversal,29,0.9375,-8.0,0.03125,False,0.125,0.125,0.125,0.0,5.7220458984375e-05,False
tracking_reset,reversal,30,0.96875,-8.0,0.03125,False,0.0625,0.0625,0.0625,0.0,5.91278076171875e-05,False
tracking_reset,reversal,31,1.0,-8.0,0.03125,False,0.0,0.0,0.0,0.0,6.103515625e-05,False
tracking_reset,reversal,32,1.03125,-8.0,0.03125,False,-0.0625,-0.0625,-0.0625,0.0,6.29425048828125e-05,False
tracking_reset,reversal,33,1.0625,-8.0,0.03125,False,-0.125,-0.125,-0.125,0.0,6.4849853515625e-05,False
tracking_reset,reversal,34,1.09375,-8.0,0.03125,False,-0.1875,-0.1875,-0.1875,0.0,6.67572021484375e-05,False
tracking_reset,reversal,35,1.125,-8.0,0.03125,False,-0.25,-0.25,-0.25,0.0,6.866455078125e-05,False
tracking_reset,reversal,36,1.15625,-8.0,0.03125,False,-0.3125,-0.3125,-0.3125,0.0,7.05718994140625e-05,False
tracking_reset,reversal,37,1.1875,-8.0,0.03125,False,-0.375,-0.375,-0.375,0.0,7.2479248046875e-05,False
tracking_reset,reversal,38,1.21875,-8.0,0.03125,False,-0.4375,-0.4375,-0.4375,0.0,7.43865966796875e-05,False
tracking_reset,reversal,39,1.25,-8.0,0.03125,False,-0.5,-0.5,-0.5,0.0,7.62939453125e-05,False
tracking_reset,reversal,40,1.28125,-8.0,0.03125,False,-0.5625,-0.5625,-0.5625,0.0,7.82012939453125e-05,False
tracking_reset,reversal,41,1.3125,-8.0,0.03125,False,-0.625,-0.625,-0.625,0.0,8.0108642578125e-05,False
tracking_reset,reversal,42,1.34375,-8.0,0.03125,False,-0.6875,-0.6875,-0.6875,0.0,8.20159912109375e-05,False
tracking_reset,reversal,43,1.375,-8.0,0.03125,False,-0.75,-0.75,-0.75,0.0,8.392333984375e-05,False
tracking_reset,reversal,44,1.40625,-8.0,0.03125,False,-0.8125,-0.8125,-0.8125,0.0,8.58306884765625e-05,False
tracking_reset,reversal,45,1.4375,-8.0,0.03125,False,-0.875,-0.875,-0.875,0.0,8.7738037109375e-05,False
tracking_reset,reversal,46,1.46875,-8.0,0.03125,False,-0.9375,-0.9375,-0.9375,0.0,8.96453857421875e-05,False
tracking_reset,reversal,47,1.5,-8.0,0.03125,False,-1.0,-1.0,-1.0,0.0,9.1552734375e-05,False
tracking_reset,reversal,48,1.53125,-8.0,0.03125,False,-1.0625,-1.0625,-1.0625,0.0,9.34600830078125e-05,False
tracking_reset,reversal,49,1.5625,-8.0,0.03125,False,-1.125,-1.125,-1.125,0.0,9.5367431640625e-05,False
tracking_reset,reversal,50,1.59375,-8.0,0.03125,False,-1.1875,-1.1875,-1.1875,0.0,9.72747802734375e-05,False
tracking_reset,reversal,51,1.625,-8.0,0.03125,False,-1.25,-1.25,-1.25,0.0,9.918212890625e-05,False
tracking_reset,reversal,52,1.65625,-8.0,0.03125,False,-1.3125,-1.3125,-1.3125,0.0,0.0001010894775390625,False
tracking_reset,reversal,53,1.6875,-8.0,0.03125,False,-1.375,-1.375,-1.375,0.0,0.000102996826171875,False
tracking_reset,reversal,54,1.71875,-8.0,0.03125,False,-1.4375,-1.4375,-1.4375,0.0,0.0001049041748046875,False
tracking_reset,reversal,55,1.75,-8.0,0.03125,False,-1.5,-1.5,-1.5,0.0,0.0001068115234375,False
tracking_reset,reversal,56,1.78125,-8.0,0.03125,False,-1.5625,-1.5625,-1.5625,0.0,0.0001087188720703125,False
tracking_reset,reversal,57,1.8125,-8.0,0.03125,False,-1.625,-1.625,-1.625,0.0,0.000110626220703125,False
tracking_reset,reversal,58,1.84375,-8.0,0.03125,False,-1.6875,-1.6875,-1.6875,0.0,0.0001125335693359375,False
tracking_reset,reversal,59,1.875,-8.0,0.03125,False,-1.75,-1.75,-1.75,0.0,0.00011444091796875,False
tracking_reset,reversal,60,1.90625,-8.0,0.03125,False,-1.8125,-1.8125,-1.8125,0.0,0.0001163482666015625,False
tracking_reset,reversal,61,1.9375,-8.0,0.03125,False,-1.875,-1.875,-1.875,0.0,0.000118255615234375,False
tracking_reset,reversal,62,1.96875,-8.0,0.03125,False,-1.9375,-1.9375,-1.9375,0.0,0.0001201629638671875,False
tracking_reset,reversal,63,2.0,-8.0,0.03125,False,-2.0,-2.0,-2.0,0.0,0.0001220703125,True
tracking_reset,reversal,64,2.03125,-8.0,0.03125,False,-2.0,-2.0,-2.0,0.0,0.0001239776611328125,False
tracking_reset,reversal,65,2.0625,-8.0,0.03125,False,-2.0,-2.0,-2.0,0.0,0.000125885009765625,False
tracking_reset,reversal,66,2.09375,-8.0,0.03125,False,-2.0,-2.0,-2.0,0.0,0.0001277923583984375,False
tracking_reset,reversal,67,2.125,-8.0,0.03125,False,-2.0,-2.0,-2.0,0.0,0.00012969970703125,False
tracking_reset,reversal,68,2.15625,-8.0,0.03125,False,-2.0,-2.0,-2.0,0.0,0.0001316070556640625,False
tracking_reset,reversal,69,2.1875,-8.0,0.03125,False,-2.0,-2.0,-2.0,0.0,0.000133514404296875,False
tracking_reset,reversal,70,2.21875,-8.0,0.03125,False,-2.0,-2.0,-2.0,0.0,0.0001354217529296875,False
tracking_reset,reversal,71,2.25,-8.0,0.03125,False,-2.0,-2.0,-2.0,0.0,0.0001373291015625,False
tracking_reset,reversal,72,2.28125,-8.0,0.03125,False,-2.0,-2.0,-2.0,0.0,0.0001392364501953125,False
tracking_reset,reversal,73,2.3125,-8.0,0.03125,False,-2.0,-2.0,-2.0,0.0,0.000141143798828125,False
tracking_reset,reversal,74,2.34375,-8.0,0.03125,False,-2.0,-2.0,-2.0,0.0,0.0001430511474609375,False
tracking_reset,reversal,75,2.375,-8.0,0.03125,False,-2.0,-2.0,-2.0,0.0,0.00014495849609375,False
tracking_reset,reversal,76,2.40625,-8.0,0.03125,False,-2.0,-2.0,-2.0,0.0,0.0001468658447265625,False
tracking_reset,reversal,77,2.4375,-8.0,0.03125,False,-2.0,-2.0,-2.0,0.0,0.000148773193359375,False
tracking_reset,reversal,78,2.46875,-8.0,0.03125,False,-2.0,-2.0,-2.0,0.0,0.0001506805419921875,False
tracking_reset,reversal,79,2.5,-8.0,0.03125,False,-2.0,-2.0,-2.0,0.0,0.000152587890625,False
tracking_reset,reversal,80,2.53125,-8.0,0.03125,False,-2.0,-2.0,-2.0,0.0,0.0001544952392578125,False
tracking_reset,reversal,81,2.5625,-8.0,0.03125,False,-2.0,-2.0,-2.0,0.0,0.000156402587890625,False
tracking_reset,reversal,82,2.59375,-8.0,0.03125,False,-2.0,-2.0,-2.0,0.0,0.0001583099365234375,False
tracking_reset,reversal,83,2.625,-8.0,0.03125,False,-2.0,-2.0,-2.0,0.0,0.00016021728515625,False
tracking_reset,reversal,84,2.65625,-8.0,0.03125,False,-2.0,-2.0,-2.0,0.0,0.0001621246337890625,False
tracking_reset,reversal,85,2.6875,-8.0,0.03125,False,-2.0,-2.0,-2.0,0.0,0.000164031982421875,False
tracking_reset,reversal,86,2.71875,-8.0,0.03125,False,-2.0,-2.0,-2.0,0.0,0.0001659393310546875,False
tracking_reset,reversal,87,2.75,-8.0,0.03125,False,-2.0,-2.0,-2.0,0.0,0.0001678466796875,False
tracking_reset,reversal,88,2.78125,-8.0,0.03125,False,-2.0,-2.0,-2.0,0.0,0.0001697540283203125,False
tracking_reset,reversal,89,2.8125,-8.0,0.03125,False,-2.0,-2.0,-2.0,0.0,0.000171661376953125,False
tracking_reset,reversal,90,2.84375,-8.0,0.03125,False,-2.0,-2.0,-2.0,0.0,0.0001735687255859375,False
tracking_reset,reversal,91,2.875,-8.0,0.03125,False,-2.0,-2.0,-2.0,0.0,0.00017547607421875,False
tracking_reset,reversal,92,2.90625,-8.0,0.03125,False,-2.0,-2.0,-2.0,0.0,0.0001773834228515625,False
tracking_reset,reversal,93,2.9375,-8.0,0.03125,False,-2.0,-2.0,-2.0,0.0,0.000179290771484375,False
tracking_reset,reversal,94,2.96875,-8.0,0.03125,False,-2.0,-2.0,-2.0,0.0,0.0001811981201171875,False
tracking_reset,reversal,95,3.0,-8.0,0.03125,False,-2.0,-2.0,-2.0,0.0,0.00018310546875,False
tracking_reset,reversal,96,3.03125,-8.0,0.03125,False,-2.0,-2.0,-2.0,0.0,0.0001850128173828125,False
tracking_reset,reversal,97,3.0625,-8.0,0.03125,False,-2.0,-2.0,-2.0,0.0,0.000186920166015625,False
tracking_reset,reversal,98,3.09375,-8.0,0.03125,False,-2.0,-2.0,-2.0,0.0,0.0001888275146484375,False
tracking_reset,reversal,99,3.125,-8.0,0.03125,False,-2.0,-2.0,-2.0,0.0,0.00019073486328125,False
tracking_reset,reversal,100,3.15625,-8.0,0.03125,False,-2.0,-2.0,-2.0,0.0,0.0001926422119140625,False
tracking_reset,reversal,101,3.1875,-8.0,0.03125,False,-2.0,-2.0,-2.0,0.0,0.000194549560546875,False
tracking_reset,reversal,102,3.21875,-8.0,0.03125,False,-2.0,-2.0,-2.0,0.0,0.0001964569091796875,False
tracking_reset,reversal,103,3.25,-8.0,0.03125,False,-2.0,-2.0,-2.0,0.0,0.0001983642578125,False
tracking_reset,reversal,104,3.28125,-8.0,0.03125,False,-2.0,-2.0,-2.0,0.0,0.0002002716064453125,False
tracking_reset,reversal,105,3.3125,-8.0,0.03125,False,-2.0,-2.0,-2.0,0.0,0.000202178955078125,False
tracking_reset,reversal,106,3.34375,-8.0,0.03125,False,-2.0,-2.0,-2.0,0.0,0.0002040863037109375,False
tracking_reset,reversal,107,3.375,-8.0,0.03125,False,-2.0,-2.0,-2.0,0.0,0.00020599365234375,False
tracking_reset,reversal,108,3.40625,-8.0,0.03125,False,-2.0,-2.0,-2.0,0.0,0.0002079010009765625,False
tracking_reset,reversal,109,3.4375,-8.0,0.03125,False,-2.0,-2.0,-2.0,0.0,0.000209808349609375,False
tracking_reset,reversal,110,3.46875,-8.0,0.03125,False,-2.0,-2.0,-2.0,0.0,0.0002117156982421875,False
tracking_reset,reversal,111,3.5,-8.0,0.03125,False,-2.0,-2.0,-2.0,0.0,0.000213623046875,False
tracking_reset,reversal,112,3.53125,-8.0,0.03125,False,-2.0,-2.0,-2.0,0.0,0.0002155303955078125,False
tracking_reset,reversal,113,3.5625,-8.0,0.03125,False,-2.0,-2.0,-2.0,0.0,0.000217437744140625,False
tracking_reset,reversal,114,3.59375,-8.0,0.03125,False,-2.0,-2.0,-2.0,0.0,0.0002193450927734375,False
tracking_reset,reversal,115,3.625,-8.0,0.03125,False,-2.0,-2.0,-2.0,0.0,0.00022125244140625,False
tracking_reset,reversal,116,3.65625,-8.0,0.03125,False,-2.0,-2.0,-2.0,0.0,0.0002231597900390625,False
tracking_reset,reversal,117,3.6875,-8.0,0.03125,False,-2.0,-2.0,-2.0,0.0,0.000225067138671875,False
tracking_reset,reversal,118,3.71875,-8.0,0.03125,False,-2.0,-2.0,-2.0,0.0,0.0002269744873046875,False
tracking_reset,reversal,119,3.75,-8.0,0.03125,False,-2.0,-2.0,-2.0,0.0,0.0002288818359375,False
tracking_reset,reversal,120,3.78125,-8.0,0.03125,False,-2.0,-2.0,-2.0,0.0,0.0002307891845703125,False
tracking_reset,reversal,121,3.8125,-8.0,0.03125,False,-2.0,-2.0,-2.0,0.0,0.000232696533203125,False
tracking_reset,reversal,122,3.84375,-8.0,0.03125,False,-2.0,-2.0,-2.0,0.0,0.0002346038818359375,False
tracking_reset,reversal,123,3.875,-8.0,0.03125,False,-2.0,-2.0,-2.0,0.0,0.00023651123046875,False
tracking_reset,reversal,124,3.90625,-8.0,0.03125,False,-2.0,-2.0,-2.0,0.0,0.0002384185791015625,False
tracking_reset,reversal,125,3.9375,-8.0,0.03125,False,-2.0,-2.0,-2.0,0.0,0.000240325927734375,False
tracking_reset,reversal,126,3.96875,-8.0,0.03125,False,-2.0,-2.0,-2.0,0.0,0.0002422332763671875,False
tracking_reset,reversal,127,4.0,-8.0,0.03125,False,-2.0,-2.0,-2.0,0.0,0.000244140625,False
tracking_reset,reversal,128,4.03125,8.0,0.03125,False,-1.875,-1.875,-1.875,0.0,0.0002460479736328125,False
tracking_reset,reversal,129,4.0625,8.0,0.03125,False,-1.75,-1.75,-1.75,0.0,0.000247955322265625,False
tracking_reset,reversal,130,4.09375,8.0,0.03125,False,-1.625,-1.625,-1.625,0.0,0.0002498626708984375,False
tracking_reset,reversal,131,4.125,8.0,0.03125,False,-1.5,-1.5,-1.5,0.0,0.00025177001953125,False
tracking_reset,reversal,132,4.15625,8.0,0.03125,False,-1.375,-1.375,-1.375,0.0,0.0002536773681640625,False
tracking_reset,reversal,133,4.1875,8.0,0.03125,False,-1.25,-1.25,-1.25,0.0,0.000255584716796875,False
tracking_reset,reversal,134,4.21875,8.0,0.03125,False,-1.125,-1.125,-1.125,0.0,0.0002574920654296875,False
tracking_reset,reversal,135,4.25,8.0,0.03125,False,-1.0,-1.0,-1.0,0.0,0.0002593994140625,False
tracking_reset,reversal,136,4.28125,8.0,0.03125,False,-0.875,-0.875,-0.875,0.0,0.0002613067626953125,False
tracking_reset,reversal,137,4.3125,8.0,0.03125,False,-0.75,-0.75,-0.75,0.0,0.000263214111328125,False
tracking_reset,reversal,138,4.34375,8.0,0.03125,False,-0.625,-0.625,-0.625,0.0,0.0002651214599609375,False
tracking_reset,reversal,139,4.375,8.0,0.03125,False,-0.5,-0.5,-0.5,0.0,0.00026702880859375,False
tracking_reset,reversal,140,4.40625,8.0,0.03125,False,-0.375,-0.375,-0.375,0.0,0.0002689361572265625,False
tracking_reset,reversal,141,4.4375,8.0,0.03125,False,-0.25,-0.25,-0.25,0.0,0.000270843505859375,False
tracking_reset,reversal,142,4.46875,8.0,0.03125,False,-0.125,-0.125,-0.125,0.0,0.0002727508544921875,False
tracking_reset,reversal,143,4.5,8.0,0.03125,False,0.0,0.0,0.0,0.0,0.000274658203125,False
tracking_reset,reversal,144,4.53125,8.0,0.03125,False,0.125,0.125,0.125,0.0,0.0002765655517578125,False
tracking_reset,reversal,145,4.5625,8.0,0.03125,False,0.25,0.25,0.25,0.0,0.000278472900390625,False
tracking_reset,reversal,146,4.59375,8.0,0.03125,False,0.375,0.375,0.375,0.0,0.0002803802490234375,False
tracking_reset,reversal,147,4.625,8.0,0.03125,False,0.5,0.5,0.5,0.0,0.00028228759765625,False
tracking_reset,reversal,148,4.65625,8.0,0.03125,False,0.625,0.625,0.625,0.0,0.0002841949462890625,False
tracking_reset,reversal,149,4.6875,8.0,0.03125,False,0.75,0.75,0.75,0.0,0.000286102294921875,False
tracking_reset,reversal,150,4.71875,8.0,0.03125,False,0.875,0.875,0.875,0.0,0.0002880096435546875,False
tracking_reset,reversal,151,4.75,8.0,0.03125,False,1.0,1.0,1.0,0.0,0.0002899169921875,False
tracking_reset,reversal,152,4.78125,8.0,0.03125,False,1.125,1.125,1.125,0.0,0.0002918243408203125,False
tracking_reset,reversal,153,4.8125,8.0,0.03125,False,1.25,1.25,1.25,0.0,0.000293731689453125,False
tracking_reset,reversal,154,4.84375,8.0,0.03125,False,1.375,1.375,1.375,0.0,0.0002956390380859375,False
tracking_reset,reversal,155,4.875,8.0,0.03125,False,1.5,1.5,1.5,0.0,0.00029754638671875,False
tracking_reset,reversal,156,4.90625,8.0,0.03125,False,1.625,1.625,1.625,0.0,0.0002994537353515625,False
tracking_reset,reversal,157,4.9375,8.0,0.03125,False,1.75,1.75,1.75,0.0,0.000301361083984375,False
tracking_reset,reversal,158,4.96875,8.0,0.03125,False,1.875,1.875,1.875,0.0,0.0003032684326171875,False
tracking_reset,reversal,159,5.0,8.0,0.03125,False,2.0,2.0,2.0,0.0,0.00030517578125,True
tracking_reset,reversal,160,5.03125,8.0,0.03125,False,2.0,2.0,2.0,0.0,0.0003070831298828125,False
tracking_reset,reversal,161,5.0625,8.0,0.03125,False,2.0,2.0,2.0,0.0,0.000308990478515625,False
tracking_reset,reversal,162,5.09375,8.0,0.03125,False,2.0,2.0,2.0,0.0,0.0003108978271484375,False
tracking_reset,reversal,163,5.125,8.0,0.03125,False,2.0,2.0,2.0,0.0,0.00031280517578125,False
tracking_reset,reversal,164,5.15625,8.0,0.03125,False,2.0,2.0,2.0,0.0,0.0003147125244140625,False
tracking_reset,reversal,165,5.1875,8.0,0.03125,False,2.0,2.0,2.0,0.0,0.000316619873046875,False
tracking_reset,reversal,166,5.21875,8.0,0.03125,False,2.0,2.0,2.0,0.0,0.0003185272216796875,False
tracking_reset,reversal,167,5.25,8.0,0.03125,False,2.0,2.0,2.0,0.0,0.0003204345703125,False
tracking_reset,reversal,168,5.28125,8.0,0.03125,False,2.0,2.0,2.0,0.0,0.0003223419189453125,False
tracking_reset,reversal,169,5.3125,8.0,0.03125,False,2.0,2.0,2.0,0.0,0.000324249267578125,False
tracking_reset,reversal,170,5.34375,8.0,0.03125,False,2.0,2.0,2.0,0.0,0.0003261566162109375,False
tracking_reset,reversal,171,5.375,8.0,0.03125,False,2.0,2.0,2.0,0.0,0.00032806396484375,False
tracking_reset,reversal,172,5.40625,8.0,0.03125,False,2.0,2.0,2.0,0.0,0.0003299713134765625,False
tracking_reset,reversal,173,5.4375,8.0,0.03125,False,2.0,2.0,2.0,0.0,0.000331878662109375,False
tracking_reset,reversal,174,5.46875,8.0,0.03125,False,2.0,2.0,2.0,0.0,0.0003337860107421875,False
tracking_reset,reversal,175,5.5,8.0,0.03125,False,2.0,2.0,2.0,0.0,0.000335693359375,False
tracking_reset,reversal,176,5.53125,8.0,0.03125,False,2.0,2.0,2.0,0.0,0.0003376007080078125,False
tracking_reset,reversal,177,5.5625,8.0,0.03125,False,2.0,2.0,2.0,0.0,0.000339508056640625,False
tracking_reset,reversal,178,5.59375,8.0,0.03125,False,2.0,2.0,2.0,0.0,0.0003414154052734375,False
tracking_reset,reversal,179,5.625,8.0,0.03125,False,2.0,2.0,2.0,0.0,0.00034332275390625,False
tracking_reset,reversal,180,5.65625,8.0,0.03125,False,2.0,2.0,2.0,0.0,0.0003452301025390625,False
tracking_reset,reversal,181,5.6875,8.0,0.03125,False,2.0,2.0,2.0,0.0,0.000347137451171875,False
tracking_reset,reversal,182,5.71875,8.0,0.03125,False,2.0,2.0,2.0,0.0,0.0003490447998046875,False
tracking_reset,reversal,183,5.75,8.0,0.03125,False,2.0,2.0,2.0,0.0,0.0003509521484375,False
tracking_reset,reversal,184,5.78125,8.0,0.03125,False,2.0,2.0,2.0,0.0,0.0003528594970703125,False
tracking_reset,reversal,185,5.8125,8.0,0.03125,False,2.0,2.0,2.0,0.0,0.000354766845703125,False
tracking_reset,reversal,186,5.84375,8.0,0.03125,False,2.0,2.0,2.0,0.0,0.0003566741943359375,False
tracking_reset,reversal,187,5.875,8.0,0.03125,False,2.0,2.0,2.0,0.0,0.00035858154296875,False
tracking_reset,reversal,188,5.90625,8.0,0.03125,False,2.0,2.0,2.0,0.0,0.0003604888916015625,False
tracking_reset,reversal,189,5.9375,8.0,0.03125,False,2.0,2.0,2.0,0.0,0.000362396240234375,False
tracking_reset,reversal,190,5.96875,8.0,0.03125,False,2.0,2.0,2.0,0.0,0.0003643035888671875,False
tracking_reset,reversal,191,6.0,8.0,0.03125,False,2.0,2.0,2.0,0.0,0.0003662109375,False
tracking_reset,reversal,192,6.03125,8.0,0.03125,False,2.0,2.0,2.0,0.0,0.0003681182861328125,False
tracking_reset,reversal,193,6.0625,8.0,0.03125,False,2.0,2.0,2.0,0.0,0.000370025634765625,False
tracking_reset,reversal,194,6.09375,8.0,0.03125,False,2.0,2.0,2.0,0.0,0.0003719329833984375,False
tracking_reset,reversal,195,6.125,8.0,0.03125,False,2.0,2.0,2.0,0.0,0.00037384033203125,False
tracking_reset,reversal,196,6.15625,8.0,0.03125,False,2.0,2.0,2.0,0.0,0.0003757476806640625,False
tracking_reset,reversal,197,6.1875,8.0,0.03125,False,2.0,2.0,2.0,0.0,0.000377655029296875,False
tracking_reset,reversal,198,6.21875,8.0,0.03125,False,2.0,2.0,2.0,0.0,0.0003795623779296875,False
tracking_reset,reversal,199,6.25,8.0,0.03125,False,2.0,2.0,2.0,0.0,0.0003814697265625,False
tracking_reset,reversal,200,6.28125,8.0,0.03125,False,2.0,2.0,2.0,0.0,0.0003833770751953125,False
tracking_reset,reversal,201,6.3125,8.0,0.03125,False,2.0,2.0,2.0,0.0,0.000385284423828125,False
tracking_reset,reversal,202,6.34375,8.0,0.03125,False,2.0,2.0,2.0,0.0,0.0003871917724609375,False
tracking_reset,reversal,203,6.375,8.0,0.03125,False,2.0,2.0,2.0,0.0,0.00038909912109375,False
tracking_reset,reversal,204,6.40625,8.0,0.03125,False,2.0,2.0,2.0,0.0,0.0003910064697265625,False
tracking_reset,reversal,205,6.4375,8.0,0.03125,False,2.0,2.0,2.0,0.0,0.000392913818359375,False
tracking_reset,reversal,206,6.46875,8.0,0.03125,False,2.0,2.0,2.0,0.0,0.0003948211669921875,False
tracking_reset,reversal,207,6.5,8.0,0.03125,False,2.0,2.0,2.0,0.0,0.000396728515625,False
tracking_reset,reversal,208,6.53125,8.0,0.03125,False,2.0,2.0,2.0,0.0,0.0003986358642578125,False
tracking_reset,reversal,209,6.5625,8.0,0.03125,False,2.0,2.0,2.0,0.0,0.000400543212890625,False
tracking_reset,reversal,210,6.59375,8.0,0.03125,False,2.0,2.0,2.0,0.0,0.0004024505615234375,False
tracking_reset,reversal,211,6.625,8.0,0.03125,False,2.0,2.0,2.0,0.0,0.00040435791015625,False
tracking_reset,reversal,212,6.65625,8.0,0.03125,False,2.0,2.0,2.0,0.0,0.0004062652587890625,False
tracking_reset,reversal,213,6.6875,8.0,0.03125,False,2.0,2.0,2.0,0.0,0.000408172607421875,False
tracking_reset,reversal,214,6.71875,8.0,0.03125,False,2.0,2.0,2.0,0.0,0.0004100799560546875,False
tracking_reset,reversal,215,6.75,8.0,0.03125,False,2.0,2.0,2.0,0.0,0.0004119873046875,False
tracking_reset,reversal,216,6.78125,8.0,0.03125,False,2.0,2.0,2.0,0.0,0.0004138946533203125,False
tracking_reset,reversal,217,6.8125,8.0,0.03125,False,2.0,2.0,2.0,0.0,0.000415802001953125,False
tracking_reset,reversal,218,6.84375,8.0,0.03125,False,2.0,2.0,2.0,0.0,0.0004177093505859375,False
tracking_reset,reversal,219,6.875,8.0,0.03125,False,2.0,2.0,2.0,0.0,0.00041961669921875,False
tracking_reset,reversal,220,6.90625,8.0,0.03125,False,2.0,2.0,2.0,0.0,0.0004215240478515625,False
tracking_reset,reversal,221,6.9375,8.0,0.03125,False,2.0,2.0,2.0,0.0,0.000423431396484375,False
tracking_reset,reversal,222,6.96875,8.0,0.03125,False,2.0,2.0,2.0,0.0,0.0004253387451171875,False
tracking_reset,reversal,223,7.0,8.0,0.03125,False,2.0,2.0,2.0,0.0,0.00042724609375,False
tracking_reset,reversal,224,7.03125,8.0,0.03125,False,2.0,2.0,2.0,0.0,0.0004291534423828125,False
tracking_reset,reversal,225,7.0625,8.0,0.03125,False,2.0,2.0,2.0,0.0,0.000431060791015625,False
tracking_reset,reversal,226,7.09375,8.0,0.03125,False,2.0,2.0,2.0,0.0,0.0004329681396484375,False
tracking_reset,reversal,227,7.125,8.0,0.03125,False,2.0,2.0,2.0,0.0,0.00043487548828125,False
tracking_reset,reversal,228,7.15625,8.0,0.03125,False,2.0,2.0,2.0,0.0,0.0004367828369140625,False
tracking_reset,reversal,229,7.1875,8.0,0.03125,False,2.0,2.0,2.0,0.0,0.000438690185546875,False
tracking_reset,reversal,230,7.21875,8.0,0.03125,False,2.0,2.0,2.0,0.0,0.0004405975341796875,False
tracking_reset,reversal,231,7.25,8.0,0.03125,False,2.0,2.0,2.0,0.0,0.0004425048828125,False
tracking_reset,reversal,232,7.28125,8.0,0.03125,False,2.0,2.0,2.0,0.0,0.0004444122314453125,False
tracking_reset,reversal,233,7.3125,8.0,0.03125,False,2.0,2.0,2.0,0.0,0.000446319580078125,False
tracking_reset,reversal,234,7.34375,8.0,0.03125,False,2.0,2.0,2.0,0.0,0.0004482269287109375,False
tracking_reset,reversal,235,7.375,8.0,0.03125,False,2.0,2.0,2.0,0.0,0.00045013427734375,False
tracking_reset,reversal,236,7.40625,8.0,0.03125,False,2.0,2.0,2.0,0.0,0.0004520416259765625,False
tracking_reset,reversal,237,7.4375,8.0,0.03125,False,2.0,2.0,2.0,0.0,0.000453948974609375,False
tracking_reset,reversal,238,7.46875,8.0,0.03125,False,2.0,2.0,2.0,0.0,0.0004558563232421875,False
tracking_reset,reversal,239,7.5,8.0,0.03125,False,2.0,2.0,2.0,0.0,0.000457763671875,False
tracking_reset,reversal,240,7.53125,8.0,0.03125,False,2.0,2.0,2.0,0.0,0.0004596710205078125,False
tracking_reset,reversal,241,7.5625,8.0,0.03125,False,2.0,2.0,2.0,0.0,0.000461578369140625,False
tracking_reset,reversal,242,7.59375,8.0,0.03125,False,2.0,2.0,2.0,0.0,0.0004634857177734375,False
tracking_reset,reversal,243,7.625,8.0,0.03125,False,2.0,2.0,2.0,0.0,0.00046539306640625,False
tracking_reset,reversal,244,7.65625,8.0,0.03125,False,2.0,2.0,2.0,0.0,0.0004673004150390625,False
tracking_reset,reversal,245,7.6875,8.0,0.03125,False,2.0,2.0,2.0,0.0,0.000469207763671875,False
tracking_reset,reversal,246,7.71875,8.0,0.03125,False,2.0,2.0,2.0,0.0,0.0004711151123046875,False
tracking_reset,reversal,247,7.75,8.0,0.03125,False,2.0,2.0,2.0,0.0,0.0004730224609375,False
tracking_reset,reversal,248,7.78125,8.0,0.03125,False,2.0,2.0,2.0,0.0,0.0004749298095703125,False
tracking_reset,reversal,249,7.8125,8.0,0.03125,False,2.0,2.0,2.0,0.0,0.000476837158203125,False
tracking_reset,reversal,250,7.84375,8.0,0.03125,False,2.0,2.0,2.0,0.0,0.0004787445068359375,False
tracking_reset,reversal,251,7.875,8.0,0.03125,False,2.0,2.0,2.0,0.0,0.00048065185546875,False
tracking_reset,reversal,252,7.90625,8.0,0.03125,False,2.0,2.0,2.0,0.0,0.0004825592041015625,False
tracking_reset,reversal,253,7.9375,8.0,0.03125,False,2.0,2.0,2.0,0.0,0.000484466552734375,False
tracking_reset,reversal,254,7.96875,8.0,0.03125,False,2.0,2.0,2.0,0.0,0.0004863739013671875,False
tracking_reset,reversal,255,8.0,8.0,0.03125,False,2.0,2.0,2.0,0.0,0.00048828125,False
tracking_reset,reset_precedence,0,0.0,8.0,0.0,True,2.0,2.0,2.0,0.0,0.0,False
tracking_reset,reset_precedence,1,0.0625,-8.0,0.0625,True,-2.0,-2.0,-2.0,0.0,0.0,False
tracking_reset,reset_precedence,2,0.0625,0.5,0.0,False,-2.0,-2.0,-2.0,0.0,0.0,False
tracking_reset,reset_precedence,3,0.09375,1.0,0.03125,False,-1.875,-1.875,-1.875,0.0,1.9073486328125e-06,False
tracking_reset,variable_dt,0,0.0,-8.0,0.0,True,-2.0,-2.0,-2.0,0.0,0.0,False
tracking_reset,variable_dt,1,1.52587890625e-05,-4.75,1.52587890625e-05,False,-2.0,-2.0,-2.0,0.0,1.9073486328125e-06,False
tracking_reset,variable_dt,2,0.0156402587890625,-1.5,0.015625,False,-1.9705882352941178,-1.970588207244873,-1.970588207244873,2.8049244600183823e-08,3.814697265625e-06,False
tracking_reset,variable_dt,3,0.0781402587890625,1.75,0.0625,False,-1.7205882352941178,-1.720588207244873,-1.720588207244873,2.8049244600183823e-08,5.7220458984375e-06,False
tracking_reset,variable_dt,4,0.0781402587890625,5.0,0.0,False,-1.7205882352941178,-1.720588207244873,-1.720588207244873,2.8049244600183823e-08,5.7220458984375e-06,False
tracking_reset,variable_dt,5,0.078155517578125,-8.0,1.52587890625e-05,False,-1.7206187528722428,-1.720618724822998,-1.720618724822998,2.8049244600183823e-08,7.62939453125e-06,False
tracking_reset,variable_dt,6,0.093780517578125,-4.75,0.015625,False,-1.7518687528722428,-1.751868724822998,-1.751868724822998,2.8049244600183823e-08,9.5367431640625e-06,False
tracking_reset,variable_dt,7,0.156280517578125,-1.5,0.0625,False,-1.7014950022977942,-1.7014949321746826,-1.7014949321746826,7.012311150045956e-08,1.1444091796875e-05,False
tracking_reset,variable_dt,8,0.156280517578125,1.75,0.0,False,-1.7014950022977942,-1.7014949321746826,-1.7014949321746826,7.012311150045956e-08,1.1444091796875e-05,False
tracking_reset,variable_dt,9,0.1562957763671875,5.0,1.52587890625e-05,False,-1.7014339671415442,-1.7014338970184326,-1.7014338970184326,7.012311150045956e-08,1.33514404296875e-05,False
tracking_reset,variable_dt,10,0.1719207763671875,-8.0,0.015625,False,-1.7326839671415442,-1.7326838970184326,-1.7326838970184326,7.012311150045956e-08,1.52587890625e-05,False
tracking_reset,variable_dt,11,0.2344207763671875,-4.75,0.0625,False,-1.8576839671415442,-1.8576838970184326,-1.8576838970184326,7.012311150045956e-08,1.71661376953125e-05,False
tracking_reset,variable_dt,12,0.2344207763671875,-1.5,0.0,False,-1.8576839671415442,-1.8576838970184326,-1.8576838970184326,7.012311150045956e-08,1.71661376953125e-05,False
tracking_reset,variable_dt,13,0.23443603515625,1.75,1.52587890625e-05,False,-1.8576229319852942,-1.8576228618621826,-1.8576228618621826,7.012311150045956e-08,1.9073486328125e-05,False
tracking_reset,variable_dt,14,0.25006103515625,5.0,0.015625,False,-1.7951229319852942,-1.7951228618621826,-1.7951228618621826,7.012311150045956e-08,2.09808349609375e-05,False
tracking_reset,variable_dt,15,0.31256103515625,-8.0,0.0625,False,-1.9201229319852942,-1.9201228618621826,-1.9201228618621826,7.012311150045956e-08,2.288818359375e-05,False
tracking_reset,variable_dt,16,0.31256103515625,-4.75,0.0,False,-1.9201229319852942,-1.9201228618621826,-1.9201228618621826,7.012311150045956e-08,2.288818359375e-05,False
tracking_reset,variable_dt,17,0.3125762939453125,-1.5,1.52587890625e-05,False,-1.9200972912814807,-1.9200972318649292,-1.9200972318649292,5.9416551351500165e-08,2.47955322265625e-05,False
tracking_reset,variable_dt,18,0.3282012939453125,1.75,0.015625,False,-1.8575972912814807,-1.8575972318649292,-1.8575972318649292,5.9416551351500165e-08,2.6702880859375e-05,False
tracking_reset,variable_dt,19,0.3907012939453125,5.0,0.0625,False,-1.6075972912814807,-1.6075972318649292,-1.6075972318649292,5.9416551351500165e-08,2.86102294921875e-05,False
tracking_reset,variable_dt,20,0.3907012939453125,-8.0,0.0,False,-1.6075972912814807,-1.6075972318649292,-1.6075972318649292,5.9416551351500165e-08,2.86102294921875e-05,False
tracking_reset,variable_dt,21,0.390716552734375,-4.75,1.52587890625e-05,False,-1.6076278088596057,-1.6076277494430542,-1.6076277494430542,5.9416551351500165e-08,3.0517578125e-05,False
tracking_reset,variable_dt,22,0.406341552734375,-1.5,0.015625,False,-1.6012967612796287,-1.6012966632843018,-1.6012966632843018,9.79953269958053e-08,3.24249267578125e-05,False
tracking_reset,variable_dt,23,0.468841552734375,1.75,0.0625,False,-1.3512967612796287,-1.3512966632843018,-1.3512966632843018,9.79953269958053e-08,3.4332275390625e-05,False
tracking_reset,variable_dt,24,0.468841552734375,5.0,0.0,False,-1.3512967612796287,-1.3512966632843018,-1.3512966632843018,9.79953269958053e-08,3.4332275390625e-05,False
tracking_reset,variable_dt,25,0.4688568115234375,-8.0,1.52587890625e-05,False,-1.3513272788577537,-1.3513271808624268,-1.3513271808624268,9.79953269958053e-08,3.62396240234375e-05,False
tracking_reset,variable_dt,26,0.4844818115234375,-4.75,0.015625,False,-1.3825772788577537,-1.3825771808624268,-1.3825771808624268,9.79953269958053e-08,3.814697265625e-05,False
tracking_reset,variable_dt,27,0.5469818115234375,-1.5,0.0625,False,-1.406061823086203,-1.4060617685317993,-1.4060617685317993,5.455440368648799e-08,4.00543212890625e-05,False
tracking_reset,variable_dt,28,0.5469818115234375,1.75,0.0,False,-1.406061823086203,-1.4060617685317993,-1.4060617685317993,5.455440368648799e-08,4.00543212890625e-05,False
tracking_reset,variable_dt,29,0.5469970703125,5.0,1.52587890625e-05,False,-1.406000787929953,-1.4060007333755493,-1.4060007333755493,5.455440368648799e-08,4.1961669921875e-05,False
tracking_reset,variable_dt,30,0.5626220703125,-8.0,0.015625,False,-1.437250787929953,-1.4372507333755493,-1.4372507333755493,5.455440368648799e-08,4.38690185546875e-05,False
tracking_reset,variable_dt,31,0.6251220703125,-4.75,0.0625,True,-2.0,-2.0,-2.0,0.0,0.0,False
tracking_reset,variable_dt,32,0.6251220703125,-1.5,0.0,False,-2.0,-2.0,-2.0,0.0,0.0,False
tracking_reset,variable_dt,33,0.6251373291015625,1.75,1.52587890625e-05,False,-1.99993896484375,-1.99993896484375,-1.99993896484375,0.0,1.9073486328125e-06,False
tracking_reset,variable_dt,34,0.6407623291015625,5.0,0.015625,False,-1.93743896484375,-1.93743896484375,-1.93743896484375,0.0,3.814697265625e-06,False
tracking_reset,variable_dt,35,0.7032623291015625,-8.0,0.0625,False,-2.0,-2.0,-2.0,0.0,5.7220458984375e-06,False
tracking_reset,variable_dt,36,0.7032623291015625,-4.75,0.0,False,-2.0,-2.0,-2.0,0.0,5.7220458984375e-06,False
tracking_reset,variable_dt,37,0.703277587890625,-1.5,1.52587890625e-05,False,-1.9999694842844065,-1.999969482421875,-1.999969482421875,1.8625314693317058e-09,7.62939453125e-06,False
tracking_reset,variable_dt,38,0.718902587890625,1.75,0.015625,False,-1.9374694842844065,-1.937469482421875,-1.937469482421875,1.8625314693317058e-09,9.5367431640625e-06,False
tracking_reset,variable_dt,39,0.781402587890625,5.0,0.0625,False,-1.6874694842844065,-1.687469482421875,-1.687469482421875,1.8625314693317058e-09,1.1444091796875e-05,False
tracking_reset,variable_dt,40,0.781402587890625,-8.0,0.0,False,-1.6874694842844065,-1.687469482421875,-1.687469482421875,1.8625314693317058e-09,1.1444091796875e-05,False
tracking_reset,variable_dt,41,0.7814178466796875,-4.75,1.52587890625e-05,False,-1.6875000018625315,-1.6875,-1.6875,1.8625314693317058e-09,1.33514404296875e-05,False
tracking_reset,variable_dt,42,0.7970428466796875,-1.5,0.015625,False,-1.6764705899882648,-1.6764706373214722,-1.6764706373214722,4.7333207255656554e-08,1.52587890625e-05,False
tracking_reset,variable_dt,43,0.8595428466796875,1.75,0.0625,False,-1.4264705899882648,-1.4264706373214722,-1.4264706373214722,4.7333207255656554e-08,1.71661376953125e-05,False
tracking_reset,variable_dt,44,0.8595428466796875,5.0,0.0,False,-1.4264705899882648,-1.4264706373214722,-1.4264706373214722,4.7333207255656554e-08,1.71661376953125e-05,False
tracking_reset,variable_dt,45,0.85955810546875,-8.0,1.52587890625e-05,False,-1.4265011075663898,-1.4265011548995972,-1.4265011548995972,4.7333207255656554e-08,1.9073486328125e-05,False
tracking_reset,variable_dt,46,0.87518310546875,-4.75,0.015625,False,-1.4577511075663898,-1.4577511548995972,-1.4577511548995972,4.7333207255656554e-08,2.09808349609375e-05,False
tracking_reset,variable_dt,47,0.93768310546875,-1.5,0.0625,False,-1.466200886053112,-1.4662009477615356,-1.4662009477615356,6.170842371468149e-08,2.288818359375e-05,False
tracking_reset,variable_dt,48,0.93768310546875,1.75,0.0,False,-1.466200886053112,-1.4662009477615356,-1.4662009477615356,6.170842371468149e-08,2.288818359375e-05,False
tracking_reset,variable_dt,49,0.9376983642578125,5.0,1.52587890625e-05,False,-1.466139850896862,-1.4661399126052856,-1.4661399126052856,6.170842371468149e-08,2.47955322265625e-05,False
tracking_reset,variable_dt,50,0.9533233642578125,-8.0,0.015625,False,-1.497389850896862,-1.4973899126052856,-1.4973899126052856,6.170842371468149e-08,2.6702880859375e-05,False
tracking_reset,variable_dt,51,1.0158233642578125,-4.75,0.0625,False,-1.622389850896862,-1.6223899126052856,-1.6223899126052856,6.170842371468149e-08,2.86102294921875e-05,False
tracking_reset,variable_dt,52,1.0158233642578125,-1.5,0.0,False,-1.622389850896862,-1.6223899126052856,-1.6223899126052856,6.170842371468149e-08,2.86102294921875e-05,False
tracking_reset,variable_dt,53,1.015838623046875,1.75,1.52587890625e-05,False,-1.622328815740612,-1.6223288774490356,-1.6223288774490356,6.170842371468149e-08,3.0517578125e-05,False
tracking_reset,variable_dt,54,1.031463623046875,5.0,0.015625,False,-1.559828815740612,-1.5598288774490356,-1.5598288774490356,6.170842371468149e-08,3.24249267578125e-05,False
tracking_reset,variable_dt,55,1.093963623046875,-8.0,0.0625,False,-1.684828815740612,-1.6848288774490356,-1.6848288774490356,6.170842371468149e-08,3.4332275390625e-05,False
tracking_reset,variable_dt,56,1.093963623046875,-4.75,0.0,False,-1.684828815740612,-1.6848288774490356,-1.6848288774490356,6.170842371468149e-08,3.4332275390625e-05,False
tracking_reset,variable_dt,57,1.0939788818359375,-1.5,1.52587890625e-05,False,-1.6848175353734627,-1.6848175525665283,-1.6848175525665283,1.7193065649658953e-08,3.62396240234375e-05,False
tracking_reset,variable_dt,58,1.1096038818359375,1.75,0.015625,False,-1.6223175353734627,-1.6223175525665283,-1.6223175525665283,1.7193065649658953e-08,3.814697265625e-05,False
tracking_reset,variable_dt,59,1.1721038818359375,5.0,0.0625,False,-1.3723175353734627,-1.3723175525665283,-1.3723175525665283,1.7193065649658953e-08,4.00543212890625e-05,False
tracking_reset,variable_dt,60,1.1721038818359375,-8.0,0.0,False,-1.3723175353734627,-1.3723175525665283,-1.3723175525665283,1.7193065649658953e-08,4.00543212890625e-05,False
tracking_reset,variable_dt,61,1.172119140625,-4.75,1.52587890625e-05,False,-1.3723480529515877,-1.3723480701446533,-1.3723480701446533,1.7193065649658953e-08,4.1961669921875e-05,False
tracking_reset,variable_dt,62,1.187744140625,-1.5,0.015625,True,-1.5,-1.5,-1.5,0.0,0.0,False
tracking_reset,variable_dt,63,1.250244140625,1.75,0.0625,False,-1.25,-1.25,-1.25,0.0,1.9073486328125e-06,False
tracking_reset,variable_dt,64,1.250244140625,5.0,0.0,False,-1.25,-1.25,-1.25,0.0,1.9073486328125e-06,False
tracking_reset,variable_dt,65,1.2502593994140625,-8.0,1.52587890625e-05,False,-1.250030517578125,-1.250030517578125,-1.250030517578125,0.0,3.814697265625e-06,False
tracking_reset,variable_dt,66,1.2658843994140625,-4.75,0.015625,False,-1.281280517578125,-1.281280517578125,-1.281280517578125,0.0,5.7220458984375e-06,False
tracking_reset,variable_dt,67,1.3283843994140625,-1.5,0.0625,False,-1.3250244140625,-1.3250243663787842,-1.3250243663787842,4.76837158203125e-08,7.62939453125e-06,False
tracking_reset,variable_dt,68,1.3283843994140625,1.75,0.0,False,-1.3250244140625,-1.3250243663787842,-1.3250243663787842,4.76837158203125e-08,7.62939453125e-06,False
tracking_reset,variable_dt,69,1.328399658203125,5.0,1.52587890625e-05,False,-1.32496337890625,-1.3249633312225342,-1.3249633312225342,4.76837158203125e-08,9.5367431640625e-06,False
tracking_reset,variable_dt,70,1.344024658203125,-8.0,0.015625,False,-1.35621337890625,-1.3562133312225342,-1.3562133312225342,4.76837158203125e-08,1.1444091796875e-05,False
tracking_reset,variable_dt,71,1.406524658203125,-4.75,0.0625,False,-1.48121337890625,-1.4812133312225342,-1.4812133312225342,4.76837158203125e-08,1.33514404296875e-05,False
tracking_reset,variable_dt,72,1.406524658203125,-1.5,0.0,False,-1.48121337890625,-1.4812133312225342,-1.4812133312225342,4.76837158203125e-08,1.33514404296875e-05,False
tracking_reset,variable_dt,73,1.4065399169921875,1.75,1.52587890625e-05,False,-1.48115234375,-1.4811522960662842,-1.4811522960662842,4.76837158203125e-08,1.52587890625e-05,False
tracking_reset,variable_dt,74,1.4221649169921875,5.0,0.015625,False,-1.41865234375,-1.4186522960662842,-1.4186522960662842,4.76837158203125e-08,1.71661376953125e-05,False
tracking_reset,variable_dt,75,1.4846649169921875,-8.0,0.0625,False,-1.54365234375,-1.5436522960662842,-1.5436522960662842,4.76837158203125e-08,1.9073486328125e-05,False
tracking_reset,variable_dt,76,1.4846649169921875,-4.75,0.0,False,-1.54365234375,-1.5436522960662842,-1.5436522960662842,4.76837158203125e-08,1.9073486328125e-05,False
tracking_reset,variable_dt,77,1.48468017578125,-1.5,1.52587890625e-05,False,-1.5436496795849863,-1.543649673461914,-1.543649673461914,6.123072205427983e-09,2.09808349609375e-05,False
tracking_reset,variable_dt,78,1.50030517578125,1.75,0.015625,False,-1.4811496795849863,-1.481149673461914,-1.481149673461914,6.123072205427983e-09,2.288818359375e-05,False
tracking_reset,variable_dt,79,1.56280517578125,5.0,0.0625,False,-1.2311496795849863,-1.231149673461914,-1.231149673461914,6.123072205427983e-09,2.47955322265625e-05,False
tracking_reset,variable_dt,80,1.56280517578125,-8.0,0.0,False,-1.2311496795849863,-1.231149673461914,-1.231149673461914,6.123072205427983e-09,2.47955322265625e-05,False
tracking_reset,variable_dt,81,1.5628204345703125,-4.75,1.52587890625e-05,False,-1.2311801971631113,-1.231180191040039,-1.231180191040039,6.123072205427983e-09,2.6702880859375e-05,False
tracking_reset,variable_dt,82,1.5784454345703125,-1.5,0.015625,False,-1.2469931267417518,-1.246993064880371,-1.246993064880371,6.186138068782928e-08,2.86102294921875e-05,False
tracking_reset,variable_dt,83,1.6409454345703125,1.75,0.0625,False,-0.9969931267417518,-0.9969930648803711,-0.9969930648803711,6.186138068782928e-08,3.0517578125e-05,False
tracking_reset,variable_dt,84,1.6409454345703125,5.0,0.0,False,-0.9969931267417518,-0.9969930648803711,-0.9969930648803711,6.186138068782928e-08,3.0517578125e-05,False
tracking_reset,variable_dt,85,1.640960693359375,-8.0,1.52587890625e-05,False,-0.9970236443198768,-0.9970235824584961,-0.9970235824584961,6.186138068782928e-08,3.24249267578125e-05,False
tracking_reset,variable_dt,86,1.656585693359375,-4.75,0.015625,False,-1.0282736443198768,-1.028273582458496,-1.028273582458496,6.186138068782928e-08,3.4332275390625e-05,False
tracking_reset,variable_dt,87,1.719085693359375,-1.5,0.0625,False,-1.1226189154559014,-1.1226189136505127,-1.1226189136505127,1.8053887299509224e-09,3.62396240234375e-05,False
tracking_reset,variable_dt,88,1.719085693359375,1.75,0.0,False,-1.1226189154559014,-1.1226189136505127,-1.1226189136505127,1.8053887299509224e-09,3.62396240234375e-05,False
tracking_reset,variable_dt,89,1.7191009521484375,5.0,1.52587890625e-05,False,-1.1225578802996514,-1.1225578784942627,-1.1225578784942627,1.8053887299509224e-09,3.814697265625e-05,False
tracking_reset,variable_dt,90,1.7347259521484375,-8.0,0.015625,False,-1.1538078802996514,-1.1538078784942627,-1.1538078784942627,1.8053887299509224e-09,4.00543212890625e-05,False
tracking_reset,variable_dt,91,1.7972259521484375,-4.75,0.0625,False,-1.2788078802996514,-1.2788078784942627,-1.2788078784942627,1.8053887299509224e-09,4.1961669921875e-05,False
tracking_reset,variable_dt,92,1.7972259521484375,-1.5,0.0,False,-1.2788078802996514,-1.2788078784942627,-1.2788078784942627,1.8053887299509224e-09,4.1961669921875e-05,False
tracking_reset,variable_dt,93,1.7972412109375,1.75,1.52587890625e-05,True,1.75,1.75,1.75,0.0,0.0,False
tracking_reset,variable_dt,94,1.8128662109375,5.0,0.015625,False,1.8125,1.8125,1.8125,0.0,1.9073486328125e-06,False
tracking_reset,variable_dt,95,1.8753662109375,-8.0,0.0625,False,1.6875,1.6875,1.6875,0.0,3.814697265625e-06,False
tracking_reset,variable_dt,96,1.8753662109375,-4.75,0.0,False,1.6875,1.6875,1.6875,0.0,3.814697265625e-06,False
tracking_reset,variable_dt,97,1.8753814697265625,-1.5,1.52587890625e-05,False,1.687469482421875,1.687469482421875,1.687469482421875,0.0,5.7220458984375e-06,False
tracking_reset,variable_dt,98,1.8910064697265625,1.75,0.015625,False,1.6911477481617647,1.691147804260254,1.691147804260254,5.6098489200367646e-08,7.62939453125e-06,False
tracking_reset,variable_dt,99,1.9535064697265625,5.0,0.0625,False,1.9411477481617647,1.941147804260254,1.941147804260254,5.6098489200367646e-08,9.5367431640625e-06,False
tracking_reset,variable_dt,100,1.9535064697265625,-8.0,0.0,False,1.9411477481617647,1.941147804260254,1.941147804260254,5.6098489200367646e-08,9.5367431640625e-06,False
tracking_reset,variable_dt,101,1.953521728515625,-4.75,1.52587890625e-05,False,1.9411172305836397,1.941117286682129,1.941117286682129,5.6098489200367646e-08,1.1444091796875e-05,False
tracking_reset,variable_dt,102,1.969146728515625,-1.5,0.015625,False,1.9098672305836397,1.909867286682129,1.909867286682129,5.6098489200367646e-08,1.33514404296875e-05,False
tracking_reset,variable_dt,103,2.031646728515625,1.75,0.0625,False,1.8778937844669117,1.8778938055038452,1.8778938055038452,2.103693345013787e-08,1.52587890625e-05,False
tracking_reset,variable_dt,104,2.031646728515625,5.0,0.0,False,1.8778937844669117,1.8778938055038452,1.8778938055038452,2.103693345013787e-08,1.52587890625e-05,False
tracking_reset,variable_dt,105,2.0316619873046875,-8.0,1.52587890625e-05,False,1.8778632668887867,1.8778632879257202,1.8778632879257202,2.103693345013787e-08,1.71661376953125e-05,False
tracking_reset,variable_dt,106,2.0472869873046875,-4.75,0.015625,False,1.8466132668887867,1.8466132879257202,1.8466132879257202,2.103693345013787e-08,1.9073486328125e-05,False
tracking_reset,variable_dt,107,2.1097869873046875,-1.5,0.0625,False,1.7216132668887867,1.7216132879257202,1.7216132879257202,2.103693345013787e-08,2.09808349609375e-05,False
tracking_reset,variable_dt,108,2.1097869873046875,1.75,0.0,False,1.7216132668887867,1.7216132879257202,1.7216132879257202,2.103693345013787e-08,2.09808349609375e-05,False
tracking_reset,variable_dt,109,2.10980224609375,5.0,1.52587890625e-05,False,1.7216743020450367,1.7216743230819702,1.7216743230819702,2.103693345013787e-08,2.288818359375e-05,False
tracking_reset,variable_dt,110,2.12542724609375,-8.0,0.015625,False,1.6904243020450367,1.6904243230819702,1.6904243230819702,2.103693345013787e-08,2.47955322265625e-05,False
tracking_reset,variable_dt,111,2.18792724609375,-4.75,0.0625,False,1.5654243020450367,1.5654243230819702,1.5654243230819702,2.103693345013787e-08,2.6702880859375e-05,False
tracking_reset,variable_dt,112,2.18792724609375,-1.5,0.0,False,1.5654243020450367,1.5654243230819702,1.5654243230819702,2.103693345013787e-08,2.6702880859375e-05,False
tracking_reset,variable_dt,113,2.1879425048828125,1.75,1.52587890625e-05,False,1.5654355669640454,1.565435528755188,1.565435528755188,3.8208857318581194e-08,2.86102294921875e-05,False
tracking_reset,variable_dt,114,2.2035675048828125,5.0,0.015625,False,1.6279355669640454,1.627935528755188,1.627935528755188,3.8208857318581194e-08,3.0517578125e-05,False
tracking_reset,variable_dt,115,2.2660675048828125,-8.0,0.0625,False,1.5029355669640454,1.502935528755188,1.502935528755188,3.8208857318581194e-08,3.24249267578125e-05,False
tracking_reset,variable_dt,116,2.2660675048828125,-4.75,0.0,False,1.5029355669640454,1.502935528755188,1.502935528755188,3.8208857318581194e-08,3.24249267578125e-05,False
tracking_reset,variable_dt,117,2.266082763671875,-1.5,1.52587890625e-05,False,1.5029050493859204,1.502905011177063,1.502905011177063,3.8208857318581194e-08,3.4332275390625e-05,False
tracking_reset,variable_dt,118,2.281707763671875,1.75,0.015625,False,1.5174400464808662,1.5174399614334106,1.5174399614334106,8.504745552663341e-08,3.62396240234375e-05,False
tracking_reset,variable_dt,119,2.344207763671875,5.0,0.0625,False,1.7674400464808662,1.7674399614334106,1.7674399614334106,8.504745552663341e-08,3.814697265625e-05,False
tracking_reset,variable_dt,120,2.344207763671875,-8.0,0.0,False,1.7674400464808662,1.7674399614334106,1.7674399614334106,8.504745552663341e-08,3.814697265625e-05,False
tracking_reset,variable_dt,121,2.3442230224609375,-4.75,1.52587890625e-05,False,1.7674095289027412,1.7674094438552856,1.7674094438552856,8.504745552663341e-08,4.00543212890625e-05,False
tracking_reset,variable_dt,122,2.3598480224609375,-1.5,0.015625,False,1.7361595289027412,1.7361594438552856,1.7361594438552856,8.504745552663341e-08,4.1961669921875e-05,False
tracking_reset,variable_dt,123,2.4223480224609375,1.75,0.0625,False,1.7389276231221928,1.7389276027679443,1.7389276027679443,2.0354248600994223e-08,4.38690185546875e-05,False
tracking_reset,variable_dt,124,2.4223480224609375,5.0,0.0,True,2.0,2.0,2.0,0.0,0.0,False
tracking_reset,variable_dt,125,2.42236328125,-8.0,1.52587890625e-05,False,1.999969482421875,1.999969482421875,1.999969482421875,0.0,1.9073486328125e-06,False
tracking_reset,variable_dt,126,2.43798828125,-4.75,0.015625,False,1.968719482421875,1.968719482421875,1.968719482421875,0.0,3.814697265625e-06,False
tracking_reset,variable_dt,127,2.50048828125,-1.5,0.0625,False,1.843719482421875,1.843719482421875,1.843719482421875,0.0,5.7220458984375e-06,False
tracking_reset,equilibrium,0,0.03125,0.5,0.03125,False,0.5,0.5,0.5,0.0,1.9073486328125e-06,False
tracking_reset,equilibrium,1,0.0625,0.5,0.03125,False,0.5,0.5,0.5,0.0,3.814697265625e-06,False
tracking_reset,equilibrium,2,0.09375,0.5,0.03125,False,0.5,0.5,0.5,0.0,5.7220458984375e-06,False
tracking_reset,equilibrium,3,0.125,0.5,0.03125,False,0.5,0.5,0.5,0.0,7.62939453125e-06,False
tracking_reset,equilibrium,4,0.15625,0.5,0.03125,False,0.5,0.5,0.5,0.0,9.5367431640625e-06,False
tracking_reset,equilibrium,5,0.1875,0.5,0.03125,False,0.5,0.5,0.5,0.0,1.1444091796875e-05,False
tracking_reset,equilibrium,6,0.21875,0.5,0.03125,False,0.5,0.5,0.5,0.0,1.33514404296875e-05,False
tracking_reset,equilibrium,7,0.25,0.5,0.03125,False,0.5,0.5,0.5,0.0,1.52587890625e-05,False
tracking_reset,equilibrium,8,0.28125,0.5,0.03125,False,0.5,0.5,0.5,0.0,1.71661376953125e-05,False
tracking_reset,equilibrium,9,0.3125,0.5,0.03125,False,0.5,0.5,0.5,0.0,1.9073486328125e-05,False
tracking_reset,equilibrium,10,0.34375,0.5,0.03125,False,0.5,0.5,0.5,0.0,2.09808349609375e-05,False
tracking_reset,equilibrium,11,0.375,0.5,0.03125,False,0.5,0.5,0.5,0.0,2.288818359375e-05,False
tracking_reset,equilibrium,12,0.40625,0.5,0.03125,False,0.5,0.5,0.5,0.0,2.47955322265625e-05,False
tracking_reset,equilibrium,13,0.4375,0.5,0.03125,False,0.5,0.5,0.5,0.0,2.6702880859375e-05,False
tracking_reset,equilibrium,14,0.46875,0.5,0.03125,False,0.5,0.5,0.5,0.0,2.86102294921875e-05,False
tracking_reset,equilibrium,15,0.5,0.5,0.03125,False,0.5,0.5,0.5,0.0,3.0517578125e-05,False
tracking_reset,equilibrium,16,0.53125,0.5,0.03125,False,0.5,0.5,0.5,0.0,3.24249267578125e-05,False
tracking_reset,equilibrium,17,0.5625,0.5,0.03125,False,0.5,0.5,0.5,0.0,3.4332275390625e-05,False
tracking_reset,equilibrium,18,0.59375,0.5,0.03125,False,0.5,0.5,0.5,0.0,3.62396240234375e-05,False
tracking_reset,equilibrium,19,0.625,0.5,0.03125,False,0.5,0.5,0.5,0.0,3.814697265625e-05,False
tracking_reset,equilibrium,20,0.65625,0.5,0.03125,False,0.5,0.5,0.5,0.0,4.00543212890625e-05,False
tracking_reset,equilibrium,21,0.6875,0.5,0.03125,False,0.5,0.5,0.5,0.0,4.1961669921875e-05,False
tracking_reset,equilibrium,22,0.71875,0.5,0.03125,False,0.5,0.5,0.5,0.0,4.38690185546875e-05,False
tracking_reset,equilibrium,23,0.75,0.5,0.03125,False,0.5,0.5,0.5,0.0,4.57763671875e-05,False
tracking_reset,equilibrium,24,0.78125,0.5,0.03125,False,0.5,0.5,0.5,0.0,4.76837158203125e-05,False
tracking_reset,equilibrium,25,0.8125,0.5,0.03125,False,0.5,0.5,0.5,0.0,4.9591064453125e-05,False
tracking_reset,equilibrium,26,0.84375,0.5,0.03125,False,0.5,0.5,0.5,0.0,5.14984130859375e-05,False
tracking_reset,equilibrium,27,0.875,0.5,0.03125,False,0.5,0.5,0.5,0.0,5.340576171875e-05,False
tracking_reset,equilibrium,28,0.90625,0.5,0.03125,False,0.5,0.5,0.5,0.0,5.53131103515625e-05,False
tracking_reset,equilibrium,29,0.9375,0.5,0.03125,False,0.5,0.5,0.5,0.0,5.7220458984375e-05,False
tracking_reset,equilibrium,30,0.96875,0.5,0.03125,False,0.5,0.5,0.5,0.0,5.91278076171875e-05,False
tracking_reset,equilibrium,31,1.0,0.5,0.03125,False,0.5,0.5,0.5,0.0,6.103515625e-05,False
tracking_reset,near_slew_branch,0,0.03125,0.625,0.03125,False,0.06944444444444445,0.0694444477558136,0.0694444477558136,3.311369154188368e-09,1.9073486328125e-06,False
tracking_reset,near_slew_branch,1,0.0625,0.6249999403953552,0.03125,False,0.13117283288343454,0.13117283582687378,0.13117283582687378,2.943439248167438e-09,3.814697265625e-06,False
tracking_reset,near_slew_branch,2,0.09375,0.6250000596046448,0.03125,False,0.18604252474134678,0.18604253232479095,0.18604253232479095,7.583444174098054e-09,5.7220458984375e-06,False
